state1,state2,set,statepair,step,from,to,grp_h,grp_s_1,grp_s_2,grp_s_3,dim_1,dim_2,dim_3
assertive,confident,1,assertive_confident,0,0.0,0.0,2.0,0.1080000028014183,0.35600000619888306,0.5360000133514404,0.7804946303367615,0.10012335330247879,0.11938200891017914
assertive,grouchy,1,assertive_grouchy,0,0.0,1.0,1.0,0.3659999966621399,0.6119999885559082,0.02199999988079071,0.0905628353357315,0.0839129313826561,0.8255242705345154
assertive,sad,1,assertive_sad,0,0.0,2.0,1.0,0.3619999885559082,0.6000000238418579,0.03799999877810478,0.08933889865875244,0.08440542221069336,0.8262556791305542
assertive,assertive,1,assertive_assertive,0,,,,,,,,,
assertive,unrestrained,1,assertive_unrestrained,0,0.0,3.0,1.0,0.08799999952316284,0.7639999985694885,0.14800000190734863,0.08825128525495529,0.088058240711689,0.8236904740333557
confident,confident,1,confident_confident,0,,,,,,,,,
confident,grouchy,1,confident_grouchy,0,1.0,0.0,1.0,0.3919999897480011,0.5659999847412109,0.041999999433755875,0.09043890982866287,0.08340837061405182,0.8261527419090271
confident,sad,1,confident_sad,0,1.0,1.0,1.0,0.30399999022483826,0.6779999732971191,0.017999999225139618,0.09057492017745972,0.08502709120512009,0.8243979811668396
confident,assertive,1,confident_assertive,0,1.0,2.0,2.0,0.0560000017285347,0.24400000274181366,0.699999988079071,0.7823317050933838,0.09994910657405853,0.11771909892559052
confident,unrestrained,1,confident_unrestrained,0,1.0,3.0,1.0,0.12200000137090683,0.7680000066757202,0.10999999940395355,0.44518721103668213,0.055226802825927734,0.49958598613739014
grouchy,confident,1,grouchy_confident,0,2.0,0.0,1.0,0.41200000047683716,0.5580000281333923,0.029999999329447746,0.08924279361963272,0.08086434006690979,0.8298928141593933
grouchy,grouchy,1,grouchy_grouchy,0,,,,,,,,,
grouchy,sad,1,grouchy_sad,0,2.0,1.0,1.0,0.27399998903274536,0.7120000123977661,0.014000000432133675,0.09014562517404556,0.08927454054355621,0.8205798268318176
grouchy,assertive,1,grouchy_assertive,0,2.0,2.0,1.0,0.36800000071525574,0.515999972820282,0.11599999666213989,0.08847901225090027,0.0856490507721901,0.8258718848228455
grouchy,unrestrained,1,grouchy_unrestrained,0,2.0,3.0,1.0,0.36800000071525574,0.5699999928474426,0.06199999898672104,0.08789021521806717,0.08416052907705307,0.8279492855072021
sad,confident,1,sad_confident,0,3.0,0.0,1.0,0.4659999907016754,0.5019999742507935,0.03200000151991844,0.08853219449520111,0.07787167280912399,0.8335961699485779
sad,grouchy,1,sad_grouchy,0,3.0,1.0,1.0,0.14800000190734863,0.7059999704360962,0.1459999978542328,0.0907227173447609,0.08954793959856033,0.8197293281555176
sad,sad,1,sad_sad,0,,,,,,,,,
sad,assertive,1,sad_assertive,0,3.0,2.0,1.0,0.4620000123977661,0.5180000066757202,0.019999999552965164,0.08926034718751907,0.08310139924287796,0.8276382684707642
sad,unrestrained,1,sad_unrestrained,0,3.0,3.0,1.0,0.4659999907016754,0.47600001096725464,0.057999998331069946,0.08850405365228653,0.08523332327604294,0.8262625932693481
unrestrained,confident,1,unrestrained_confident,0,4.0,0.0,1.0,0.07400000095367432,0.7319999933242798,0.1940000057220459,0.08285879343748093,0.08884868025779724,0.8282925486564636
unrestrained,grouchy,1,unrestrained_grouchy,0,4.0,1.0,1.0,0.3880000114440918,0.6000000238418579,0.012000000104308128,0.08974981307983398,0.08555885404348373,0.8246913552284241
unrestrained,sad,1,unrestrained_sad,0,4.0,2.0,1.0,0.335999995470047,0.6140000224113464,0.05000000074505806,0.09024921804666519,0.08639397472143173,0.8233568072319031
unrestrained,assertive,1,unrestrained_assertive,0,4.0,3.0,1.0,0.14800000190734863,0.7400000095367432,0.1120000034570694,0.089970164000988,0.08834660053253174,0.8216832876205444
unrestrained,unrestrained,1,unrestrained_unrestrained,0,,,,,,,,,
bold,nervous,2,bold_nervous,0,5.0,0.0,1.0,0.335999995470047,0.6299999952316284,0.03400000184774399,0.08976474404335022,0.0839858427643776,0.8262494206428528
bold,irritable,2,bold_irritable,0,5.0,1.0,1.0,0.3140000104904175,0.6620000004768372,0.024000000208616257,0.0908440575003624,0.0856027901172638,0.8235531449317932
bold,lively,2,bold_lively,0,5.0,2.0,2.0,0.257999986410141,0.18799999356269836,0.5540000200271606,0.7869971990585327,0.09946748614311218,0.1135353147983551
bold,bold,2,bold_bold,0,,,,,,,,,
bold,talkative,2,bold_talkative,0,5.0,3.0,2.0,0.2160000056028366,0.009999999776482582,0.7739999890327454,0.7853005528450012,0.09972827881574631,0.11497116088867188
irritable,nervous,2,irritable_nervous,0,6.0,0.0,1.0,0.3199999928474426,0.6579999923706055,0.02199999988079071,0.0902395248413086,0.08731035143136978,0.8224501013755798
irritable,irritable,2,irritable_irritable,0,,,,,,,,,
irritable,lively,2,irritable_lively,0,6.0,1.0,1.0,0.49399998784065247,0.4740000069141388,0.03200000151991844,0.08828415721654892,0.08027652651071548,0.8314393162727356
irritable,bold,2,irritable_bold,0,6.0,2.0,1.0,0.49399998784065247,0.44999998807907104,0.0560000017285347,0.0885247066617012,0.08442243933677673,0.827052891254425
irritable,talkative,2,irritable_talkative,0,6.0,3.0,0.0,0.5199999809265137,0.4399999976158142,0.03999999910593033,0.05411753058433533,0.44650858640670776,0.4993738532066345
lively,nervous,2,lively_nervous,0,7.0,0.0,1.0,0.3499999940395355,0.6159999966621399,0.03400000184774399,0.09009148925542831,0.08602982014417648,0.8238787055015564
lively,irritable,2,lively_irritable,0,7.0,1.0,1.0,0.23999999463558197,0.7300000190734863,0.029999999329447746,0.09042894095182419,0.0857076495885849,0.8238634467124939
lively,lively,2,lively_lively,0,,,,,,,,,
lively,bold,2,lively_bold,0,7.0,2.0,2.0,0.23000000417232513,0.21199999749660492,0.5580000281333923,0.7837133407592773,0.09985099732875824,0.1164356917142868
lively,talkative,2,lively_talkative,0,7.0,3.0,0.0,0.5379999876022339,0.006000000052154064,0.4560000002384186,0.7799562215805054,0.10019537061452866,0.11984837800264359
nervous,nervous,2,nervous_nervous,0,,,,,,,,,
nervous,irritable,2,nervous_irritable,0,8.0,0.0,1.0,0.1679999977350235,0.8119999766349792,0.019999999552965164,0.090604268014431,0.08905467391014099,0.8203411102294922
nervous,lively,2,nervous_lively,0,8.0,1.0,1.0,0.4320000112056732,0.5220000147819519,0.04600000008940697,0.055277202278375626,0.4424809217453003,0.5022419095039368
nervous,bold,2,nervous_bold,0,8.0,2.0,1.0,0.44999998807907104,0.515999972820282,0.03400000184774399,0.05588965117931366,0.4382230341434479,0.5058872699737549
nervous,talkative,2,nervous_talkative,0,8.0,3.0,1.0,0.25999999046325684,0.7200000286102295,0.019999999552965164,0.08510768413543701,0.07845857739448547,0.8364337086677551
talkative,nervous,2,talkative_nervous,0,9.0,0.0,1.0,0.29600000381469727,0.6480000019073486,0.0560000017285347,0.08806473761796951,0.08150942623615265,0.8304258584976196
talkative,irritable,2,talkative_irritable,0,9.0,1.0,1.0,0.3160000145435333,0.6579999923706055,0.026000000536441803,0.09056896716356277,0.08542285859584808,0.8240082263946533
talkative,lively,2,talkative_lively,0,9.0,2.0,2.0,0.3019999861717224,0.1080000028014183,0.5899999737739563,0.7820145487785339,0.09992662072181702,0.11805881559848785
talkative,bold,2,talkative_bold,0,9.0,3.0,1.0,0.2980000078678131,0.3479999899864197,0.3540000021457672,0.4401586353778839,0.05571655556559563,0.5041248202323914
talkative,talkative,2,talkative_talkative,0,,,,,,,,,
contempt,satisfaction,3,contempt_satisfaction,0,10.0,0.0,1.0,0.36399999260902405,0.6039999723434448,0.03200000151991844,0.0565497986972332,0.43340790271759033,0.5100423097610474
contempt,love,3,contempt_love,0,10.0,1.0,1.0,0.3880000114440918,0.5899999737739563,0.02199999988079071,0.08953263610601425,0.08099014312028885,0.8294772505760193
contempt,contempt,3,contempt_contempt,0,,,,,,,,,
contempt,disgust,3,contempt_disgust,0,10.0,2.0,0.0,0.6919999718666077,0.19200000166893005,0.11599999666213989,0.4445996880531311,0.055248185992240906,0.5001521110534668
contempt,embarrassment,3,contempt_embarrassment,0,10.0,3.0,1.0,0.24799999594688416,0.7239999771118164,0.02800000086426735,0.08988350629806519,0.08640151470899582,0.8237149715423584
disgust,satisfaction,3,disgust_satisfaction,0,11.0,0.0,1.0,0.49000000953674316,0.47200000286102295,0.03799999877810478,0.05458554998040199,0.44883912801742554,0.496575266122818
disgust,love,3,disgust_love,0,11.0,1.0,1.0,0.4339999854564667,0.5339999794960022,0.03200000151991844,0.0891418531537056,0.08084478974342346,0.8300133347511292
disgust,contempt,3,disgust_contempt,0,11.0,2.0,1.0,0.4099999964237213,0.37400001287460327,0.2160000056028366,0.08859074860811234,0.08867856860160828,0.8227306604385376
disgust,disgust,3,disgust_disgust,0,,,,,,,,,
disgust,embarrassment,3,disgust_embarrassment,0,11.0,3.0,1.0,0.25600001215934753,0.7039999961853027,0.03999999910593033,0.09122298657894135,0.08784638345241547,0.8209306001663208
embarrassment,satisfaction,3,embarrassment_satisfaction,0,12.0,0.0,1.0,0.46799999475479126,0.5,0.03200000151991844,0.08906259387731552,0.07789696753025055,0.8330404162406921
embarrassment,love,3,embarrassment_love,0,12.0,1.0,1.0,0.4320000112056732,0.5479999780654907,0.019999999552965164,0.0897957980632782,0.08273715525865555,0.8274670839309692
embarrassment,contempt,3,embarrassment_contempt,0,12.0,2.0,0.0,0.5019999742507935,0.4180000126361847,0.07999999821186066,0.08933600783348083,0.08759898692369461,0.8230650424957275
embarrassment,disgust,3,embarrassment_disgust,0,12.0,3.0,1.0,0.2919999957084656,0.6660000085830688,0.041999999433755875,0.09035448729991913,0.0885985866189003,0.8210468888282776
embarrassment,embarrassment,3,embarrassment_embarrassment,0,,,,,,,,,
love,satisfaction,3,love_satisfaction,0,13.0,0.0,2.0,0.0020000000949949026,0.21799999475479126,0.7799999713897705,0.43558835983276367,0.05595654621720314,0.5084550976753235
love,love,3,love_love,0,,,,,,,,,
love,contempt,3,love_contempt,0,13.0,1.0,1.0,0.27399998903274536,0.6779999732971191,0.04800000041723251,0.09028556942939758,0.08160081505775452,0.8281136155128479
love,disgust,3,love_disgust,0,13.0,2.0,1.0,0.44999998807907104,0.5239999890327454,0.026000000536441803,0.08873431384563446,0.0807780846953392,0.8304875493049622
love,embarrassment,3,love_embarrassment,0,13.0,3.0,1.0,0.23999999463558197,0.7519999742507935,0.00800000037997961,0.09042529761791229,0.08317724615335464,0.8263974785804749
satisfaction,satisfaction,3,satisfaction_satisfaction,0,,,,,,,,,
satisfaction,love,3,satisfaction_love,0,14.0,0.0,1.0,0.10999999940395355,0.8820000290870667,0.00800000037997961,0.05577051267027855,0.4541309177875519,0.49009859561920166
satisfaction,contempt,3,satisfaction_contempt,0,14.0,1.0,1.0,0.328000009059906,0.6499999761581421,0.02199999988079071,0.05599081516265869,0.44209498167037964,0.5019142031669617
satisfaction,disgust,3,satisfaction_disgust,0,14.0,2.0,0.0,0.49399998784065247,0.4880000054836273,0.017999999225139618,0.0901709496974945,0.08195772022008896,0.8278713226318359
satisfaction,embarrassment,3,satisfaction_embarrassment,0,14.0,3.0,1.0,0.36000001430511475,0.6200000047683716,0.019999999552965164,0.09009018540382385,0.08158845454454422,0.8283213973045349
assertive,confident,1,assertive_confident,1,0.0,0.0,2.0,0.2160000056028366,0.40799999237060547,0.37599998712539673,0.7837383151054382,0.09967643022537231,0.11658528447151184
assertive,grouchy,1,assertive_grouchy,1,0.0,1.0,1.0,0.3880000114440918,0.5580000281333923,0.05400000140070915,0.08836718648672104,0.08259642869234085,0.8290364146232605
assertive,sad,1,assertive_sad,1,0.0,2.0,0.0,0.46799999475479126,0.4620000123977661,0.07000000029802322,0.08729062229394913,0.0777955874800682,0.8349138498306274
assertive,assertive,1,assertive_assertive,1,,,,,,,,,
assertive,unrestrained,1,assertive_unrestrained,1,0.0,3.0,1.0,0.24799999594688416,0.6399999856948853,0.1120000034570694,0.08576468378305435,0.08637107163667679,0.8278642892837524
confident,confident,1,confident_confident,1,,,,,,,,,
confident,grouchy,1,confident_grouchy,1,1.0,0.0,0.0,0.4659999907016754,0.4560000002384186,0.07800000160932541,0.05514415353536606,0.44074591994285583,0.5041099190711975
confident,sad,1,confident_sad,1,1.0,1.0,1.0,0.4519999921321869,0.5040000081062317,0.04399999976158142,0.08847326785326004,0.07877715677022934,0.832749605178833
confident,assertive,1,confident_assertive,1,1.0,2.0,2.0,0.1599999964237213,0.30399999022483826,0.5360000133514404,0.7874412536621094,0.0996372178196907,0.11292150616645813
confident,unrestrained,1,confident_unrestrained,1,1.0,3.0,1.0,0.23600000143051147,0.593999981880188,0.17000000178813934,0.44212013483047485,0.0552029088139534,0.5026769638061523
grouchy,confident,1,grouchy_confident,1,2.0,0.0,0.0,0.5040000081062317,0.42399999499320984,0.07199999690055847,0.08701115846633911,0.07750863581895828,0.8354802131652832
grouchy,grouchy,1,grouchy_grouchy,1,,,,,,,,,
grouchy,sad,1,grouchy_sad,1,2.0,1.0,1.0,0.32199999690055847,0.6399999856948853,0.03799999877810478,0.08825476467609406,0.0883278101682663,0.8234174251556396
grouchy,assertive,1,grouchy_assertive,1,2.0,2.0,1.0,0.421999990940094,0.4620000123977661,0.11599999666213989,0.08726183325052261,0.083253413438797,0.8294848203659058
grouchy,unrestrained,1,grouchy_unrestrained,1,2.0,3.0,0.0,0.5,0.4300000071525574,0.07000000029802322,0.08727826178073883,0.0837424248456955,0.8289793729782104
sad,confident,1,sad_confident,1,3.0,0.0,0.0,0.47999998927116394,0.4320000112056732,0.08799999952316284,0.0868055522441864,0.08142390847206116,0.8317705392837524
sad,grouchy,1,sad_grouchy,1,3.0,1.0,1.0,0.2800000011920929,0.5899999737739563,0.12999999523162842,0.08806334435939789,0.08867019414901733,0.8232665061950684
sad,sad,1,sad_sad,1,,,,,,,,,
sad,assertive,1,sad_assertive,1,3.0,2.0,0.0,0.527999997138977,0.4259999990463257,0.04600000008940697,0.08671443164348602,0.0811045840382576,0.8321809768676758
sad,unrestrained,1,sad_unrestrained,1,3.0,3.0,0.0,0.44999998807907104,0.4819999933242798,0.06800000369548798,0.0874895453453064,0.08269637078046799,0.829814076423645
unrestrained,confident,1,unrestrained_confident,1,4.0,0.0,1.0,0.17800000309944153,0.6539999842643738,0.1679999977350235,0.0812864676117897,0.08804951608181,0.8306640386581421
unrestrained,grouchy,1,unrestrained_grouchy,1,4.0,1.0,1.0,0.4339999854564667,0.5040000081062317,0.06199999898672104,0.08894779533147812,0.08395182341337204,0.827100396156311
unrestrained,sad,1,unrestrained_sad,1,4.0,2.0,1.0,0.48399999737739563,0.44999998807907104,0.06599999964237213,0.08832763880491257,0.0828041061758995,0.8288682699203491
unrestrained,assertive,1,unrestrained_assertive,1,4.0,3.0,1.0,0.2639999985694885,0.6179999709129333,0.11800000071525574,0.0873633548617363,0.08694326132535934,0.8256933689117432
unrestrained,unrestrained,1,unrestrained_unrestrained,1,,,,,,,,,
bold,nervous,2,bold_nervous,1,5.0,0.0,0.0,0.5019999742507935,0.43799999356269836,0.05999999865889549,0.08851806074380875,0.08259712904691696,0.8288848400115967
bold,irritable,2,bold_irritable,1,5.0,1.0,1.0,0.44600000977516174,0.48399999737739563,0.07000000029802322,0.08880410343408585,0.08147113770246506,0.8297247290611267
bold,lively,2,bold_lively,1,5.0,2.0,2.0,0.3779999911785126,0.23600000143051147,0.38600000739097595,0.4242655634880066,0.05424126237630844,0.521493136882782
bold,bold,2,bold_bold,1,,,,,,,,,
bold,talkative,2,bold_talkative,1,5.0,3.0,2.0,0.36800000071525574,0.0560000017285347,0.5759999752044678,0.4192792475223541,0.05407299846410751,0.5266477465629578
irritable,nervous,2,irritable_nervous,1,6.0,0.0,1.0,0.4399999976158142,0.5019999742507935,0.057999998331069946,0.08819253742694855,0.08506021648645401,0.8267472982406616
irritable,irritable,2,irritable_irritable,1,,,,,,,,,
irritable,lively,2,irritable_lively,1,6.0,1.0,0.0,0.5580000281333923,0.3779999911785126,0.06400000303983688,0.05407186597585678,0.44576650857925415,0.5001615881919861
irritable,bold,2,irritable_bold,1,6.0,2.0,0.0,0.4959999918937683,0.4320000112056732,0.07199999690055847,0.08731254190206528,0.08332256972789764,0.8293648958206177
irritable,talkative,2,irritable_talkative,1,6.0,3.0,0.0,0.4480000138282776,0.4860000014305115,0.06599999964237213,0.08730094879865646,0.0829501748085022,0.829748809337616
lively,nervous,2,lively_nervous,1,7.0,0.0,1.0,0.49000000953674316,0.44600000977516174,0.06400000303983688,0.0881611555814743,0.08219248801469803,0.8296464085578918
lively,irritable,2,lively_irritable,1,7.0,1.0,1.0,0.3840000033378601,0.5740000009536743,0.041999999433755875,0.08877699077129364,0.0795702263712883,0.8316527605056763
lively,lively,2,lively_lively,1,,,,,,,,,
lively,bold,2,lively_bold,1,7.0,2.0,2.0,0.3059999942779541,0.2980000078678131,0.3959999978542328,0.7918342351913452,0.09981736540794373,0.10834836959838867
lively,talkative,2,lively_talkative,1,7.0,3.0,0.0,0.5379999876022339,0.03799999877810478,0.42399999499320984,0.7810119390487671,0.10006624460220337,0.11892175674438477
nervous,nervous,2,nervous_nervous,1,,,,,,,,,
nervous,irritable,2,nervous_irritable,1,8.0,0.0,1.0,0.2939999997615814,0.6520000100135803,0.05400000140070915,0.08856436610221863,0.08765193074941635,0.8237836360931396
nervous,lively,2,nervous_lively,1,8.0,1.0,0.0,0.5019999742507935,0.44999998807907104,0.04800000041723251,0.0866474136710167,0.0768483430147171,0.8365042805671692
nervous,bold,2,nervous_bold,1,8.0,2.0,0.0,0.5759999752044678,0.3580000102519989,0.06599999964237213,0.05467153713107109,0.4356410801410675,0.5096873641014099
nervous,talkative,2,nervous_talkative,1,8.0,3.0,1.0,0.39800000190734863,0.5360000133514404,0.06599999964237213,0.08641340583562851,0.0808335542678833,0.83275306224823
talkative,nervous,2,talkative_nervous,1,9.0,0.0,1.0,0.4440000057220459,0.49799999594688416,0.057999998331069946,0.08796743303537369,0.08136573433876038,0.8306668400764465
talkative,irritable,2,talkative_irritable,1,9.0,1.0,1.0,0.4339999854564667,0.5099999904632568,0.0560000017285347,0.08913204073905945,0.0823649987578392,0.8285029530525208
talkative,lively,2,talkative_lively,1,9.0,2.0,2.0,0.33799999952316284,0.18799999356269836,0.4740000069141388,0.7873400449752808,0.099246084690094,0.11341387778520584
talkative,bold,2,talkative_bold,1,9.0,3.0,1.0,0.30000001192092896,0.4339999854564667,0.26600000262260437,0.44439300894737244,0.055245380848646164,0.5003615617752075
talkative,talkative,2,talkative_talkative,1,,,,,,,,,
contempt,satisfaction,3,contempt_satisfaction,1,10.0,0.0,0.0,0.45399999618530273,0.47600001096725464,0.07000000029802322,0.05556727573275566,0.434384286403656,0.5100484490394592
contempt,love,3,contempt_love,1,10.0,1.0,0.0,0.5519999861717224,0.38600000739097595,0.06199999898672104,0.08795173466205597,0.08205505460500717,0.8299932479858398
contempt,contempt,3,contempt_contempt,1,,,,,,,,,
contempt,disgust,3,contempt_disgust,1,10.0,2.0,0.0,0.5960000157356262,0.2720000147819519,0.13199999928474426,0.4606179893016815,0.05352272465825081,0.4858592748641968
contempt,embarrassment,3,contempt_embarrassment,1,10.0,3.0,1.0,0.4320000112056732,0.5180000066757202,0.05000000074505806,0.08832533657550812,0.0847773402929306,0.8268973231315613
disgust,satisfaction,3,disgust_satisfaction,1,11.0,0.0,0.0,0.6240000128746033,0.3240000009536743,0.052000001072883606,0.08344738930463791,0.07619822025299072,0.8403543829917908
disgust,love,3,disgust_love,1,11.0,1.0,0.0,0.6439999938011169,0.25999999046325684,0.09600000083446503,0.0834311693906784,0.07867337018251419,0.8378954529762268
disgust,contempt,3,disgust_contempt,1,11.0,2.0,0.0,0.4620000123977661,0.3779999911785126,0.1599999964237213,0.08616222441196442,0.0878286138176918,0.8260091543197632
disgust,disgust,3,disgust_disgust,1,,,,,,,,,
disgust,embarrassment,3,disgust_embarrassment,1,11.0,3.0,1.0,0.4300000071525574,0.5099999904632568,0.05999999865889549,0.08878970891237259,0.08525004237890244,0.8259602189064026
embarrassment,satisfaction,3,embarrassment_satisfaction,1,12.0,0.0,0.0,0.621999979019165,0.2759999930858612,0.10199999809265137,0.05318128690123558,0.4503103196620941,0.4965084195137024
embarrassment,love,3,embarrassment_love,1,12.0,1.0,0.0,0.550000011920929,0.39800000190734863,0.052000001072883606,0.08779410272836685,0.07887589931488037,0.833329975605011
embarrassment,contempt,3,embarrassment_contempt,1,12.0,2.0,0.0,0.4560000002384186,0.4259999990463257,0.11800000071525574,0.08798306435346603,0.08663816004991531,0.8253787159919739
embarrassment,disgust,3,embarrassment_disgust,1,12.0,3.0,1.0,0.35199999809265137,0.5659999847412109,0.0820000022649765,0.08852143585681915,0.08706274628639221,0.8244158029556274
embarrassment,embarrassment,3,embarrassment_embarrassment,1,,,,,,,,,
love,satisfaction,3,love_satisfaction,1,13.0,0.0,2.0,0.052000001072883606,0.36399999260902405,0.5839999914169312,0.43715566396713257,0.05583970621228218,0.5070046186447144
love,love,3,love_love,1,,,,,,,,,
love,contempt,3,love_contempt,1,13.0,1.0,1.0,0.4259999990463257,0.5040000081062317,0.07000000029802322,0.08908022940158844,0.07884810864925385,0.8320716619491577
love,disgust,3,love_disgust,1,13.0,2.0,0.0,0.6299999952316284,0.2879999876022339,0.0820000022649765,0.054166048765182495,0.43483108282089233,0.5110028386116028
love,embarrassment,3,love_embarrassment,1,13.0,3.0,1.0,0.3700000047683716,0.5899999737739563,0.03999999910593033,0.08957468718290329,0.08346780389547348,0.8269574642181396
satisfaction,satisfaction,3,satisfaction_satisfaction,1,,,,,,,,,
satisfaction,love,3,satisfaction_love,1,14.0,0.0,1.0,0.2199999988079071,0.7419999837875366,0.03799999877810478,0.09029507637023926,0.07961581647396088,0.8300890922546387
satisfaction,contempt,3,satisfaction_contempt,1,14.0,1.0,1.0,0.47999998927116394,0.44999998807907104,0.07000000029802322,0.05575861036777496,0.43673452734947205,0.5075068473815918
satisfaction,disgust,3,satisfaction_disgust,1,14.0,2.0,0.0,0.6079999804496765,0.32199999690055847,0.07000000029802322,0.08711820840835571,0.07840092480182648,0.834480881690979
satisfaction,embarrassment,3,satisfaction_embarrassment,1,14.0,3.0,1.0,0.44200000166893005,0.5360000133514404,0.02199999988079071,0.055696360766887665,0.43744421005249023,0.5068594217300415
assertive,confident,1,assertive_confident,2,0.0,0.0,1.0,0.3199999928474426,0.36000001430511475,0.3199999928474426,0.7926941514015198,0.09904370456933975,0.10826216638088226
assertive,grouchy,1,assertive_grouchy,2,0.0,1.0,0.0,0.4779999852180481,0.4399999976158142,0.0820000022649765,0.0852239727973938,0.08156431466341019,0.8332117199897766
assertive,sad,1,assertive_sad,2,0.0,2.0,0.0,0.5640000104904175,0.3240000009536743,0.1120000034570694,0.05312630906701088,0.43148311972618103,0.5153906345367432
assertive,assertive,1,assertive_assertive,2,,,,,,,,,
assertive,unrestrained,1,assertive_unrestrained,2,0.0,3.0,1.0,0.33799999952316284,0.5040000081062317,0.15800000727176666,0.08402060717344284,0.08474705368280411,0.8312323093414307
confident,confident,1,confident_confident,2,,,,,,,,,
confident,grouchy,1,confident_grouchy,2,1.0,0.0,0.0,0.6320000290870667,0.2759999930858612,0.09200000017881393,0.052766405045986176,0.4271344840526581,0.5200991034507751
confident,sad,1,confident_sad,2,1.0,1.0,0.0,0.5799999833106995,0.3440000116825104,0.07599999755620956,0.05403093248605728,0.43358784914016724,0.5123811960220337
confident,assertive,1,confident_assertive,2,1.0,2.0,2.0,0.2720000147819519,0.3319999873638153,0.3959999978542328,0.4277106523513794,0.055038370192050934,0.5172510147094727
confident,unrestrained,1,confident_unrestrained,2,1.0,3.0,1.0,0.32199999690055847,0.492000013589859,0.1860000044107437,0.44370025396347046,0.05447909235954285,0.5018206834793091
grouchy,confident,1,grouchy_confident,2,2.0,0.0,0.0,0.5360000133514404,0.3440000116825104,0.11999999731779099,0.0832817405462265,0.07701954245567322,0.8396987318992615
grouchy,grouchy,1,grouchy_grouchy,2,,,,,,,,,
grouchy,sad,1,grouchy_sad,2,2.0,1.0,1.0,0.36800000071525574,0.5740000009536743,0.057999998331069946,0.08658874779939651,0.08714956790208817,0.8262616395950317
grouchy,assertive,1,grouchy_assertive,2,2.0,2.0,0.0,0.4580000042915344,0.4359999895095825,0.10599999874830246,0.08621552586555481,0.08111979067325592,0.8326646685600281
grouchy,unrestrained,1,grouchy_unrestrained,2,2.0,3.0,0.0,0.5460000038146973,0.335999995470047,0.11800000071525574,0.08631125092506409,0.0830145925283432,0.8306741714477539
sad,confident,1,sad_confident,2,3.0,0.0,0.0,0.5,0.36800000071525574,0.13199999928474426,0.08322281390428543,0.08260422945022583,0.8341729044914246
sad,grouchy,1,sad_grouchy,2,3.0,1.0,1.0,0.33799999952316284,0.5099999904632568,0.15199999511241913,0.08515654504299164,0.08745206892490387,0.8273913264274597
sad,sad,1,sad_sad,2,,,,,,,,,
sad,assertive,1,sad_assertive,2,3.0,2.0,0.0,0.5619999766349792,0.30799999833106995,0.12999999523162842,0.0792221873998642,0.07728952169418335,0.843488335609436
sad,unrestrained,1,sad_unrestrained,2,3.0,3.0,0.0,0.4779999852180481,0.4560000002384186,0.06599999964237213,0.08537936955690384,0.0784417986869812,0.8361788392066956
unrestrained,confident,1,unrestrained_confident,2,4.0,0.0,1.0,0.2939999997615814,0.5519999861717224,0.15399999916553497,0.08191540837287903,0.0866871178150177,0.831397533416748
unrestrained,grouchy,1,unrestrained_grouchy,2,4.0,1.0,0.0,0.47999998927116394,0.43799999356269836,0.0820000022649765,0.08734516054391861,0.08127997815608978,0.8313748240470886
unrestrained,sad,1,unrestrained_sad,2,4.0,2.0,0.0,0.6000000238418579,0.32600000500679016,0.07400000095367432,0.08605708926916122,0.07737360149621964,0.8365692496299744
unrestrained,assertive,1,unrestrained_assertive,2,4.0,3.0,1.0,0.35199999809265137,0.5059999823570251,0.1420000046491623,0.08486484736204147,0.08570193499326706,0.8294332027435303
unrestrained,unrestrained,1,unrestrained_unrestrained,2,,,,,,,,,
bold,nervous,2,bold_nervous,2,5.0,0.0,0.0,0.4880000054836273,0.421999990940094,0.09000000357627869,0.08706025779247284,0.08141981065273285,0.8315199017524719
bold,irritable,2,bold_irritable,2,5.0,1.0,0.0,0.5740000009536743,0.32600000500679016,0.10000000149011612,0.053418613970279694,0.44741299748420715,0.499168336391449
bold,lively,2,bold_lively,2,5.0,2.0,0.0,0.4320000112056732,0.2680000066757202,0.30000001192092896,0.43230193853378296,0.05441651493310928,0.5132815837860107
bold,bold,2,bold_bold,2,,,,,,,,,
bold,talkative,2,bold_talkative,2,5.0,3.0,2.0,0.3959999978542328,0.13600000739097595,0.46799999475479126,0.4318069815635681,0.055176157504320145,0.5130168795585632
irritable,nervous,2,irritable_nervous,2,6.0,0.0,0.0,0.5019999742507935,0.38199999928474426,0.11599999666213989,0.08626579493284225,0.08296699821949005,0.8307672142982483
irritable,irritable,2,irritable_irritable,2,,,,,,,,,
irritable,lively,2,irritable_lively,2,6.0,1.0,0.0,0.6259999871253967,0.2800000011920929,0.09399999678134918,0.052898380905389786,0.44646748900413513,0.5006341338157654
irritable,bold,2,irritable_bold,2,6.0,2.0,0.0,0.5180000066757202,0.4000000059604645,0.0820000022649765,0.08585388958454132,0.08216633647680283,0.8319798111915588
irritable,talkative,2,irritable_talkative,2,6.0,3.0,0.0,0.5400000214576721,0.3619999885559082,0.09799999743700027,0.08645754307508469,0.08401239663362503,0.8295300602912903
lively,nervous,2,lively_nervous,2,7.0,0.0,0.0,0.46799999475479126,0.4359999895095825,0.09600000083446503,0.08618810772895813,0.07711794227361679,0.8366939425468445
lively,irritable,2,lively_irritable,2,7.0,1.0,0.0,0.5080000162124634,0.4059999883174896,0.0860000029206276,0.05487917363643646,0.4347608983516693,0.5103599429130554
lively,lively,2,lively_lively,2,,,,,,,,,
lively,bold,2,lively_bold,2,7.0,2.0,0.0,0.3880000114440918,0.3179999887943268,0.2939999997615814,0.4316699504852295,0.05552011728286743,0.5128099322319031
lively,talkative,2,lively_talkative,2,7.0,3.0,0.0,0.5400000214576721,0.08399999886751175,0.37599998712539673,0.7835767269134521,0.09974081069231033,0.11668244749307632
nervous,nervous,2,nervous_nervous,2,,,,,,,,,
nervous,irritable,2,nervous_irritable,2,8.0,0.0,1.0,0.3499999940395355,0.5699999928474426,0.07999999821186066,0.086760513484478,0.08606211096048355,0.8271774053573608
nervous,lively,2,nervous_lively,2,8.0,1.0,0.0,0.5019999742507935,0.4059999883174896,0.09200000017881393,0.08474563807249069,0.07907446473836899,0.8361799120903015
nervous,bold,2,nervous_bold,2,8.0,2.0,0.0,0.5960000157356262,0.32600000500679016,0.07800000160932541,0.052018050104379654,0.4458371102809906,0.5021448135375977
nervous,talkative,2,nervous_talkative,2,8.0,3.0,1.0,0.4339999854564667,0.4620000123977661,0.10400000214576721,0.0867169201374054,0.08166912198066711,0.8316139578819275
talkative,nervous,2,talkative_nervous,2,9.0,0.0,0.0,0.5040000081062317,0.421999990940094,0.07400000095367432,0.08752678334712982,0.08116541057825089,0.8313077688217163
talkative,irritable,2,talkative_irritable,2,9.0,1.0,0.0,0.5099999904632568,0.4059999883174896,0.08399999886751175,0.08720434457063675,0.07846180349588394,0.8343338966369629
talkative,lively,2,talkative_lively,2,9.0,2.0,0.0,0.4519999921321869,0.2460000067949295,0.3019999861717224,0.4254146218299866,0.05410180613398552,0.5204836130142212
talkative,bold,2,talkative_bold,2,9.0,3.0,1.0,0.34599998593330383,0.42399999499320984,0.23000000417232513,0.45517200231552124,0.05387939140200615,0.4909485876560211
talkative,talkative,2,talkative_talkative,2,,,,,,,,,
contempt,satisfaction,3,contempt_satisfaction,2,10.0,0.0,0.0,0.593999981880188,0.2800000011920929,0.12600000202655792,0.05299273878335953,0.45050248503685,0.4965047836303711
contempt,love,3,contempt_love,2,10.0,1.0,0.0,0.7279999852180481,0.1679999977350235,0.10400000214576721,0.08366581052541733,0.08160806447267532,0.834726095199585
contempt,contempt,3,contempt_contempt,2,,,,,,,,,
contempt,disgust,3,contempt_disgust,2,10.0,2.0,0.0,0.49799999594688416,0.3840000033378601,0.11800000071525574,0.08305956423282623,0.08773472160100937,0.8292056918144226
contempt,embarrassment,3,contempt_embarrassment,2,10.0,3.0,0.0,0.5180000066757202,0.3959999978542328,0.0860000029206276,0.08638257533311844,0.08290426433086395,0.830713152885437
disgust,satisfaction,3,disgust_satisfaction,2,11.0,0.0,0.0,0.6539999842643738,0.23000000417232513,0.11599999666213989,0.42811712622642517,0.04810124263167381,0.5237816572189331
disgust,love,3,disgust_love,2,11.0,1.0,0.0,0.7279999852180481,0.10599999874830246,0.16599999368190765,0.7995134592056274,0.09060296416282654,0.10988359153270721
disgust,contempt,3,disgust_contempt,2,11.0,2.0,0.0,0.43799999356269836,0.3959999978542328,0.16599999368190765,0.08390174806118011,0.08702462166547775,0.8290736675262451
disgust,disgust,3,disgust_disgust,2,,,,,,,,,
disgust,embarrassment,3,disgust_embarrassment,2,11.0,3.0,0.0,0.49000000953674316,0.414000004529953,0.09600000083446503,0.08590997755527496,0.08260642737150192,0.8314835429191589
embarrassment,satisfaction,3,embarrassment_satisfaction,2,12.0,0.0,0.0,0.6759999990463257,0.20600000023841858,0.11800000071525574,0.0782332494854927,0.07790450751781464,0.8438621759414673
embarrassment,love,3,embarrassment_love,2,12.0,1.0,0.0,0.6140000224113464,0.3179999887943268,0.06800000369548798,0.05239024758338928,0.4449654519557953,0.5026443004608154
embarrassment,contempt,3,embarrassment_contempt,2,12.0,2.0,1.0,0.4020000100135803,0.49000000953674316,0.1080000028014183,0.08643268048763275,0.08553571999073029,0.8280316591262817
embarrassment,disgust,3,embarrassment_disgust,2,12.0,3.0,1.0,0.4359999895095825,0.49000000953674316,0.07400000095367432,0.08667770028114319,0.08530605584383011,0.8280162811279297
embarrassment,embarrassment,3,embarrassment_embarrassment,2,,,,,,,,,
love,satisfaction,3,love_satisfaction,2,13.0,0.0,1.0,0.15000000596046448,0.4000000059604645,0.44999998807907104,0.43897545337677,0.055514220148324966,0.5055103302001953
love,love,3,love_love,2,,,,,,,,,
love,contempt,3,love_contempt,2,13.0,1.0,0.0,0.6380000114440918,0.23600000143051147,0.12600000202655792,0.053581781685352325,0.4488939940929413,0.49752429127693176
love,disgust,3,love_disgust,2,13.0,2.0,0.0,0.6380000114440918,0.25200000405311584,0.10999999940395355,0.0916321724653244,0.8003166913986206,0.10805115103721619
love,embarrassment,3,love_embarrassment,2,13.0,3.0,0.0,0.5,0.42399999499320984,0.07599999755620956,0.08834007382392883,0.08290207386016846,0.8287578821182251
satisfaction,satisfaction,3,satisfaction_satisfaction,2,,,,,,,,,
satisfaction,love,3,satisfaction_love,2,14.0,0.0,1.0,0.2879999876022339,0.6700000166893005,0.041999999433755875,0.08899831026792526,0.08066161721944809,0.8303400874137878
satisfaction,contempt,3,satisfaction_contempt,2,14.0,1.0,0.0,0.6620000004768372,0.23399999737739563,0.10400000214576721,0.054149553179740906,0.4429260492324829,0.502924382686615
satisfaction,disgust,3,satisfaction_disgust,2,14.0,2.0,0.0,0.6340000033378601,0.24400000274181366,0.12200000137090683,0.07676026225090027,0.07445277273654938,0.8487870097160339
satisfaction,embarrassment,3,satisfaction_embarrassment,2,14.0,3.0,0.0,0.5680000185966492,0.3720000088214874,0.05999999865889549,0.05427735671401024,0.43437865376472473,0.5113440155982971
assertive,confident,1,assertive_confident,3,0.0,0.0,0.0,0.3779999911785126,0.33000001311302185,0.2919999957084656,0.4335319399833679,0.0546344630420208,0.5118336081504822
assertive,grouchy,1,assertive_grouchy,3,0.0,1.0,0.0,0.5120000243186951,0.3779999911785126,0.10999999940395355,0.07878135144710541,0.08046039193868637,0.840758204460144
assertive,sad,1,assertive_sad,3,0.0,2.0,0.0,0.6639999747276306,0.2160000056028366,0.11999999731779099,0.4893862009048462,0.4465867578983307,0.06402695178985596
assertive,assertive,1,assertive_assertive,3,,,,,,,,,
assertive,unrestrained,1,assertive_unrestrained,3,0.0,3.0,0.0,0.4099999964237213,0.45399999618530273,0.13600000739097595,0.08280210942029953,0.0831092968583107,0.8340886235237122
confident,confident,1,confident_confident,3,,,,,,,,,
confident,grouchy,1,confident_grouchy,3,1.0,0.0,0.0,0.6299999952316284,0.22599999606609344,0.14399999380111694,0.47413286566734314,0.45959311723709106,0.0662740096449852
confident,sad,1,confident_sad,3,1.0,1.0,0.0,0.5899999737739563,0.27000001072883606,0.14000000059604645,0.09211821109056473,0.7994458675384521,0.10843594372272491
confident,assertive,1,confident_assertive,3,1.0,2.0,0.0,0.3199999928474426,0.35199999809265137,0.328000009059906,0.43365707993507385,0.05528777092695236,0.5110551714897156
confident,unrestrained,1,confident_unrestrained,3,1.0,3.0,1.0,0.4099999964237213,0.40799999237060547,0.18199999630451202,0.4487847685813904,0.05313313007354736,0.4980820417404175
grouchy,confident,1,grouchy_confident,3,2.0,0.0,0.0,0.5600000023841858,0.28600001335144043,0.15399999916553497,0.43681997060775757,0.048516955226659775,0.5146631002426147
grouchy,grouchy,1,grouchy_grouchy,3,,,,,,,,,
grouchy,sad,1,grouchy_sad,3,2.0,1.0,1.0,0.4519999921321869,0.4659999907016754,0.0820000022649765,0.08510907739400864,0.08570122718811035,0.8291897177696228
grouchy,assertive,1,grouchy_assertive,3,2.0,2.0,0.0,0.47999998927116394,0.3840000033378601,0.13600000739097595,0.08507847785949707,0.07913846522569656,0.8357831239700317
grouchy,unrestrained,1,grouchy_unrestrained,3,2.0,3.0,0.0,0.5659999847412109,0.30399999022483826,0.12999999523162842,0.08481565117835999,0.0819593295454979,0.8332250118255615
sad,confident,1,sad_confident,3,3.0,0.0,0.0,0.5339999794960022,0.26600000262260437,0.20000000298023224,0.4390043616294861,0.05240001529455185,0.5085955858230591
sad,grouchy,1,sad_grouchy,3,3.0,1.0,1.0,0.33799999952316284,0.5199999809265137,0.1420000046491623,0.08231304585933685,0.08583399653434753,0.831852912902832
sad,sad,1,sad_sad,3,,,,,,,,,
sad,assertive,1,sad_assertive,3,3.0,2.0,0.0,0.6460000276565552,0.17399999499320984,0.18000000715255737,0.8002989292144775,0.08860613405704498,0.11109486222267151
sad,unrestrained,1,sad_unrestrained,3,3.0,3.0,0.0,0.4860000014305115,0.39800000190734863,0.11599999666213989,0.05098721385002136,0.43067312240600586,0.5183396339416504
unrestrained,confident,1,unrestrained_confident,3,4.0,0.0,1.0,0.36000001430511475,0.4740000069141388,0.16599999368190765,0.08276769518852234,0.08492207527160645,0.8323102593421936
unrestrained,grouchy,1,unrestrained_grouchy,3,4.0,1.0,0.0,0.5540000200271606,0.2939999997615814,0.15199999511241913,0.08411511033773422,0.07565856724977493,0.8402263522148132
unrestrained,sad,1,unrestrained_sad,3,4.0,2.0,0.0,0.5960000157356262,0.3240000009536743,0.07999999821186066,0.052081555128097534,0.43226566910743713,0.5156527757644653
unrestrained,assertive,1,unrestrained_assertive,3,4.0,3.0,1.0,0.43799999356269836,0.421999990940094,0.14000000059604645,0.08236843347549438,0.08450412005186081,0.8331274390220642
unrestrained,unrestrained,1,unrestrained_unrestrained,3,,,,,,,,,
bold,nervous,2,bold_nervous,3,5.0,0.0,0.0,0.5839999914169312,0.30399999022483826,0.1120000034570694,0.08496302366256714,0.08032425493001938,0.8347128033638
bold,irritable,2,bold_irritable,3,5.0,1.0,0.0,0.5879999995231628,0.3179999887943268,0.09399999678134918,0.05072358623147011,0.4307522773742676,0.5185241103172302
bold,lively,2,bold_lively,3,5.0,2.0,0.0,0.47999998927116394,0.2800000011920929,0.23999999463558197,0.4362855851650238,0.053741589188575745,0.5099728107452393
bold,bold,2,bold_bold,3,,,,,,,,,
bold,talkative,2,bold_talkative,3,5.0,3.0,0.0,0.42800000309944153,0.20000000298023224,0.3720000088214874,0.4349338114261627,0.05482318252325058,0.5102429986000061
irritable,nervous,2,irritable_nervous,3,6.0,0.0,0.0,0.4959999918937683,0.3919999897480011,0.1120000034570694,0.08418109267950058,0.08088608086109161,0.8349328637123108
irritable,irritable,2,irritable_irritable,3,,,,,,,,,
irritable,lively,2,irritable_lively,3,6.0,1.0,0.0,0.6000000238418579,0.26600000262260437,0.1340000033378601,0.08153536170721054,0.07756949216127396,0.8408951163291931
irritable,bold,2,irritable_bold,3,6.0,2.0,0.0,0.5419999957084656,0.34599998593330383,0.1120000034570694,0.08373702317476273,0.08078516274690628,0.8354777693748474
irritable,talkative,2,irritable_talkative,3,6.0,3.0,0.0,0.5019999742507935,0.3619999885559082,0.13600000739097595,0.08404618501663208,0.08409587293863297,0.8318579792976379
lively,nervous,2,lively_nervous,3,7.0,0.0,0.0,0.6039999723434448,0.30399999022483826,0.09200000017881393,0.052552614361047745,0.43736857175827026,0.5100787878036499
lively,irritable,2,lively_irritable,3,7.0,1.0,0.0,0.6340000033378601,0.2680000066757202,0.09799999743700027,0.05235970765352249,0.4244849383831024,0.5231553912162781
lively,lively,2,lively_lively,3,,,,,,,,,
lively,bold,2,lively_bold,3,7.0,2.0,0.0,0.46799999475479126,0.3540000021457672,0.17800000309944153,0.4348451793193817,0.055319808423519135,0.5098350048065186
lively,talkative,2,lively_talkative,3,7.0,3.0,0.0,0.4959999918937683,0.1420000046491623,0.3619999885559082,0.7890966534614563,0.0991625115275383,0.11174077540636063
nervous,nervous,2,nervous_nervous,3,,,,,,,,,
nervous,irritable,2,nervous_irritable,3,8.0,0.0,1.0,0.335999995470047,0.5680000185966492,0.09600000083446503,0.08516229689121246,0.08429345488548279,0.8305442333221436
nervous,lively,2,nervous_lively,3,8.0,1.0,0.0,0.5339999794960022,0.35199999809265137,0.11400000005960464,0.08248607069253922,0.08041075617074966,0.8371032476425171
nervous,bold,2,nervous_bold,3,8.0,2.0,0.0,0.5820000171661377,0.2919999957084656,0.12600000202655792,0.45285525918006897,0.048874810338020325,0.4982699751853943
nervous,talkative,2,nervous_talkative,3,8.0,3.0,0.0,0.44200000166893005,0.414000004529953,0.14399999380111694,0.08659332990646362,0.08200031518936157,0.8314063549041748
talkative,nervous,2,talkative_nervous,3,9.0,0.0,0.0,0.5479999780654907,0.35600000619888306,0.09600000083446503,0.08675416558980942,0.08094681054353714,0.8322990536689758
talkative,irritable,2,talkative_irritable,3,9.0,1.0,0.0,0.5799999833106995,0.3199999928474426,0.10000000149011612,0.05228201299905777,0.44320163130760193,0.5045163035392761
talkative,lively,2,talkative_lively,3,9.0,2.0,0.0,0.4339999854564667,0.3019999861717224,0.2639999985694885,0.4344130754470825,0.05401017516851425,0.5115767121315002
talkative,bold,2,talkative_bold,3,9.0,3.0,1.0,0.3799999952316284,0.42800000309944153,0.19200000166893005,0.08334444463253021,0.08670896291732788,0.8299465775489807
talkative,talkative,2,talkative_talkative,3,,,,,,,,,
contempt,satisfaction,3,contempt_satisfaction,3,10.0,0.0,0.0,0.6740000247955322,0.14399999380111694,0.18199999630451202,0.08173994719982147,0.08111649006605148,0.8371435403823853
contempt,love,3,contempt_love,3,10.0,1.0,0.0,0.7200000286102295,0.07000000029802322,0.20999999344348907,0.42394667863845825,0.05034385994076729,0.5257095098495483
contempt,contempt,3,contempt_contempt,3,,,,,,,,,
contempt,disgust,3,contempt_disgust,3,10.0,2.0,0.0,0.4580000042915344,0.3880000114440918,0.15399999916553497,0.08393310010433197,0.08663026243448257,0.8294366598129272
contempt,embarrassment,3,contempt_embarrassment,3,10.0,3.0,0.0,0.5400000214576721,0.36399999260902405,0.09600000083446503,0.08337865024805069,0.08035241067409515,0.836268961429596
disgust,satisfaction,3,disgust_satisfaction,3,11.0,0.0,0.0,0.6679999828338623,0.13600000739097595,0.19599999487400055,0.7973940968513489,0.09215663373470306,0.11044935137033463
disgust,love,3,disgust_love,3,11.0,1.0,0.0,0.7139999866485596,0.014000000432133675,0.2720000147819519,0.7889700531959534,0.09475859999656677,0.11627136170864105
disgust,contempt,3,disgust_contempt,3,11.0,2.0,0.0,0.46799999475479126,0.4059999883174896,0.12600000202655792,0.08163424581289291,0.08614659309387207,0.8322191834449768
disgust,disgust,3,disgust_disgust,3,,,,,,,,,
disgust,embarrassment,3,disgust_embarrassment,3,11.0,3.0,0.0,0.5360000133514404,0.3479999899864197,0.11599999666213989,0.08203025162220001,0.07976729422807693,0.8382024765014648
embarrassment,satisfaction,3,embarrassment_satisfaction,3,12.0,0.0,0.0,0.6660000085830688,0.14399999380111694,0.1899999976158142,0.7997576594352722,0.09225556254386902,0.10798675566911697
embarrassment,love,3,embarrassment_love,3,12.0,1.0,0.0,0.671999990940094,0.1860000044107437,0.1420000046491623,0.8117811679840088,0.08359909802675247,0.10461977124214172
embarrassment,contempt,3,embarrassment_contempt,3,12.0,2.0,1.0,0.4259999990463257,0.46799999475479126,0.10599999874830246,0.08434373140335083,0.08407002687454224,0.8315862417221069
embarrassment,disgust,3,embarrassment_disgust,3,12.0,3.0,0.0,0.45399999618530273,0.414000004529953,0.13199999928474426,0.08457858860492706,0.08312410861253738,0.8322973251342773
embarrassment,embarrassment,3,embarrassment_embarrassment,3,,,,,,,,,
love,satisfaction,3,love_satisfaction,3,13.0,0.0,1.0,0.2759999930858612,0.44200000166893005,0.28200000524520874,0.4422053396701813,0.054857511073350906,0.5029371976852417
love,love,3,love_love,3,,,,,,,,,
love,contempt,3,love_contempt,3,13.0,1.0,0.0,0.8159999847412109,0.052000001072883606,0.13199999928474426,0.07758045196533203,0.07508347928524017,0.8473360538482666
love,disgust,3,love_disgust,3,13.0,2.0,0.0,0.6639999747276306,0.12600000202655792,0.20999999344348907,0.4597335159778595,0.47288620471954346,0.06738027185201645
love,embarrassment,3,love_embarrassment,3,13.0,3.0,0.0,0.5419999957084656,0.3619999885559082,0.09600000083446503,0.08635585010051727,0.08181888610124588,0.8318251967430115
satisfaction,satisfaction,3,satisfaction_satisfaction,3,,,,,,,,,
satisfaction,love,3,satisfaction_love,3,14.0,0.0,1.0,0.3540000021457672,0.5699999928474426,0.07599999755620956,0.0874691754579544,0.08133335411548615,0.8311975002288818
satisfaction,contempt,3,satisfaction_contempt,3,14.0,1.0,0.0,0.734000027179718,0.09600000083446503,0.17000000178813934,0.08292493969202042,0.07925987243652344,0.8378152251243591
satisfaction,disgust,3,satisfaction_disgust,3,14.0,2.0,0.0,0.6520000100135803,0.1679999977350235,0.18000000715255737,0.7974892854690552,0.08994144201278687,0.11256925761699677
satisfaction,embarrassment,3,satisfaction_embarrassment,3,14.0,3.0,0.0,0.6480000019073486,0.22200000286102295,0.12999999523162842,0.049684491008520126,0.43729981780052185,0.5130156874656677
assertive,confident,1,assertive_confident,4,0.0,0.0,0.0,0.4440000057220459,0.3240000009536743,0.23199999332427979,0.44162625074386597,0.05362134426832199,0.5047523975372314
assertive,grouchy,1,assertive_grouchy,4,0.0,1.0,0.0,0.5440000295639038,0.2919999957084656,0.164000004529953,0.42591869831085205,0.049252357333898544,0.5248289108276367
assertive,sad,1,assertive_sad,4,0.0,2.0,0.0,0.6499999761581421,0.15800000727176666,0.19200000166893005,0.45590269565582275,0.47678735852241516,0.06730993092060089
assertive,assertive,1,assertive_assertive,4,,,,,,,,,
assertive,unrestrained,1,assertive_unrestrained,4,0.0,3.0,0.0,0.5559999942779541,0.28600001335144043,0.15800000727176666,0.08196897059679031,0.08141926676034927,0.8366117477416992
confident,confident,1,confident_confident,4,,,,,,,,,
confident,grouchy,1,confident_grouchy,4,1.0,0.0,0.0,0.6819999814033508,0.12999999523162842,0.18799999356269836,0.7967424988746643,0.08870767802000046,0.11454983800649643
confident,sad,1,confident_sad,4,1.0,1.0,0.0,0.6340000033378601,0.14800000190734863,0.21799999475479126,0.46704211831092834,0.4650937020778656,0.06786420941352844
confident,assertive,1,confident_assertive,4,1.0,2.0,0.0,0.47999998927116394,0.31200000643730164,0.20800000429153442,0.43698230385780334,0.05477665737271309,0.5082409977912903
confident,unrestrained,1,confident_unrestrained,4,1.0,3.0,0.0,0.4320000112056732,0.38999998569488525,0.17800000309944153,0.07987280935049057,0.08370508998632431,0.8364221453666687
grouchy,confident,1,grouchy_confident,4,2.0,0.0,0.0,0.6420000195503235,0.17800000309944153,0.18000000715255737,0.7984920144081116,0.09198591858148575,0.10952204465866089
grouchy,grouchy,1,grouchy_grouchy,4,,,,,,,,,
grouchy,sad,1,grouchy_sad,4,2.0,1.0,0.0,0.44600000977516174,0.40799999237060547,0.1459999978542328,0.08377955853939056,0.08388517796993256,0.8323352932929993
grouchy,assertive,1,grouchy_assertive,4,2.0,2.0,0.0,0.5059999823570251,0.37400001287460327,0.11999999731779099,0.08359164744615555,0.07750456035137177,0.8389037251472473
grouchy,unrestrained,1,grouchy_unrestrained,4,2.0,3.0,0.0,0.5860000252723694,0.27799999713897705,0.13600000739097595,0.0822022333741188,0.08040762692689896,0.8373901844024658
sad,confident,1,sad_confident,4,3.0,0.0,0.0,0.47600001096725464,0.16200000047683716,0.3619999885559082,0.7978420853614807,0.0961952954530716,0.10596264153718948
sad,grouchy,1,sad_grouchy,4,3.0,1.0,0.0,0.4860000014305115,0.39800000190734863,0.11599999666213989,0.08028934895992279,0.0836271271109581,0.8360834717750549
sad,sad,1,sad_sad,4,,,,,,,,,
sad,assertive,1,sad_assertive,4,3.0,2.0,0.0,0.6399999856948853,0.0560000017285347,0.30399999022483826,0.7915793061256409,0.09236729890108109,0.11605336517095566
sad,unrestrained,1,sad_unrestrained,4,3.0,3.0,0.0,0.5519999861717224,0.2879999876022339,0.1599999964237213,0.4742812216281891,0.45912113785743713,0.06659761071205139
unrestrained,confident,1,unrestrained_confident,4,4.0,0.0,0.0,0.4320000112056732,0.421999990940094,0.1459999978542328,0.08325978368520737,0.0827011838555336,0.834039032459259
unrestrained,grouchy,1,unrestrained_grouchy,4,4.0,1.0,0.0,0.5740000009536743,0.25600001215934753,0.17000000178813934,0.483344703912735,0.45346999168395996,0.06318527460098267
unrestrained,sad,1,unrestrained_sad,4,4.0,2.0,0.0,0.5559999942779541,0.2919999957084656,0.15199999511241913,0.48521992564201355,0.4505707919597626,0.06420924514532089
unrestrained,assertive,1,unrestrained_assertive,4,4.0,3.0,0.0,0.4740000069141388,0.3919999897480011,0.1340000033378601,0.07997120171785355,0.0832284465432167,0.8368003368377686
unrestrained,unrestrained,1,unrestrained_unrestrained,4,,,,,,,,,
bold,nervous,2,bold_nervous,4,5.0,0.0,0.0,0.5699999928474426,0.2759999930858612,0.15399999916553497,0.08098326623439789,0.0792420506477356,0.8397746682167053
bold,irritable,2,bold_irritable,4,5.0,1.0,0.0,0.6159999966621399,0.23999999463558197,0.14399999380111694,0.46354928612709045,0.47098466753959656,0.06546600908041
bold,lively,2,bold_lively,4,5.0,2.0,0.0,0.4620000123977661,0.3240000009536743,0.21400000154972076,0.44203975796699524,0.0526546984910965,0.5053055882453918
bold,bold,2,bold_bold,4,,,,,,,,,
bold,talkative,2,bold_talkative,4,5.0,3.0,0.0,0.42800000309944153,0.2939999997615814,0.27799999713897705,0.43850812315940857,0.054037269204854965,0.5074545741081238
irritable,nervous,2,irritable_nervous,4,6.0,0.0,0.0,0.5360000133514404,0.3140000104904175,0.15000000596046448,0.08152713626623154,0.07872863113880157,0.8397442102432251
irritable,irritable,2,irritable_irritable,4,,,,,,,,,
irritable,lively,2,irritable_lively,4,6.0,1.0,0.0,0.6019999980926514,0.23800000548362732,0.1599999964237213,0.43846794962882996,0.049999020993709564,0.5115330219268799
irritable,bold,2,irritable_bold,4,6.0,2.0,0.0,0.5040000081062317,0.35199999809265137,0.14399999380111694,0.07972564548254013,0.07896208018064499,0.8413122892379761
irritable,talkative,2,irritable_talkative,4,6.0,3.0,0.0,0.4699999988079071,0.29600000381469727,0.23399999737739563,0.446342408657074,0.05210946127772331,0.5015481114387512
lively,nervous,2,lively_nervous,4,7.0,0.0,0.0,0.6420000195503235,0.24799999594688416,0.10999999940395355,0.0901460200548172,0.8065112233161926,0.10334274917840958
lively,irritable,2,lively_irritable,4,7.0,1.0,0.0,0.7099999785423279,0.12200000137090683,0.1679999977350235,0.4714530110359192,0.4633665680885315,0.0651804506778717
lively,lively,2,lively_lively,4,,,,,,,,,
lively,bold,2,lively_bold,4,7.0,2.0,0.0,0.492000013589859,0.33399999141693115,0.17399999499320984,0.4385111629962921,0.0544281005859375,0.5070607662200928
lively,talkative,2,lively_talkative,4,7.0,3.0,0.0,0.5199999809265137,0.19599999487400055,0.2840000092983246,0.4289662539958954,0.0544220395386219,0.5166117548942566
nervous,nervous,2,nervous_nervous,4,,,,,,,,,
nervous,irritable,2,nervous_irritable,4,8.0,0.0,1.0,0.4180000126361847,0.4519999921321869,0.12999999523162842,0.0837055891752243,0.08229152113199234,0.8340029120445251
nervous,lively,2,nervous_lively,4,8.0,1.0,0.0,0.5440000295639038,0.3160000145435333,0.14000000059604645,0.07799467444419861,0.08158903568983078,0.8404163122177124
nervous,bold,2,nervous_bold,4,8.0,2.0,0.0,0.6060000061988831,0.2460000067949295,0.14800000190734863,0.43306291103363037,0.051518190652132034,0.5154188871383667
nervous,talkative,2,nervous_talkative,4,8.0,3.0,0.0,0.4580000042915344,0.39399999380111694,0.14800000190734863,0.0861002579331398,0.08204770088195801,0.8318520188331604
talkative,nervous,2,talkative_nervous,4,9.0,0.0,0.0,0.5180000066757202,0.36000001430511475,0.12200000137090683,0.08543914556503296,0.08073464781045914,0.8338262438774109
talkative,irritable,2,talkative_irritable,4,9.0,1.0,0.0,0.6299999952316284,0.20399999618530273,0.16599999368190765,0.4663209617137909,0.47133275866508484,0.062346287071704865
talkative,lively,2,talkative_lively,4,9.0,2.0,0.0,0.46399998664855957,0.33000001311302185,0.20600000023841858,0.442361980676651,0.0527549684047699,0.5048830509185791
talkative,bold,2,talkative_bold,4,9.0,3.0,1.0,0.3840000033378601,0.4320000112056732,0.18400000035762787,0.08487692475318909,0.08415689319372177,0.8309662342071533
talkative,talkative,2,talkative_talkative,4,,,,,,,,,
contempt,satisfaction,3,contempt_satisfaction,4,10.0,0.0,0.0,0.7360000014305115,0.057999998331069946,0.20600000023841858,0.4386047124862671,0.052600570023059845,0.5087946653366089
contempt,love,3,contempt_love,4,10.0,1.0,0.0,0.6840000152587891,0.017999999225139618,0.2980000078678131,0.789921224117279,0.09550363570451736,0.11457507312297821
contempt,contempt,3,contempt_contempt,4,,,,,,,,,
contempt,disgust,3,contempt_disgust,4,10.0,2.0,0.0,0.3959999978542328,0.46399998664855957,0.14000000059604645,0.08427354693412781,0.08511564135551453,0.8306108117103577
contempt,embarrassment,3,contempt_embarrassment,4,10.0,3.0,0.0,0.5899999737739563,0.3019999861717224,0.1080000028014183,0.07606180012226105,0.0759260281920433,0.8480122089385986
disgust,satisfaction,3,disgust_satisfaction,4,11.0,0.0,0.0,0.593999981880188,0.057999998331069946,0.3479999899864197,0.791031002998352,0.0947633758187294,0.11420562118291855
disgust,love,3,disgust_love,4,11.0,1.0,0.0,0.5799999833106995,0.0,0.41999998688697815,0.784235954284668,0.09725388884544373,0.1185101643204689
disgust,contempt,3,disgust_contempt,4,11.0,2.0,0.0,0.49000000953674316,0.3540000021457672,0.15600000321865082,0.07956968247890472,0.0850333645939827,0.8353968858718872
disgust,disgust,3,disgust_disgust,4,,,,,,,,,
disgust,embarrassment,3,disgust_embarrassment,4,11.0,3.0,0.0,0.5979999899864197,0.26600000262260437,0.13600000739097595,0.4446154236793518,0.04757136479020119,0.5078132152557373
embarrassment,satisfaction,3,embarrassment_satisfaction,4,12.0,0.0,0.0,0.6079999804496765,0.0560000017285347,0.335999995470047,0.7900776267051697,0.09575402736663818,0.11416838318109512
embarrassment,love,3,embarrassment_love,4,12.0,1.0,0.0,0.6399999856948853,0.17000000178813934,0.1899999976158142,0.7962381839752197,0.09044377505779266,0.11331810802221298
embarrassment,contempt,3,embarrassment_contempt,4,12.0,2.0,0.0,0.4320000112056732,0.4259999990463257,0.1420000046491623,0.08098087459802628,0.08183063566684723,0.8371884226799011
embarrassment,disgust,3,embarrassment_disgust,4,12.0,3.0,0.0,0.527999997138977,0.3659999966621399,0.10599999874830246,0.08179806917905807,0.08001524209976196,0.8381867408752441
embarrassment,embarrassment,3,embarrassment_embarrassment,4,,,,,,,,,
love,satisfaction,3,love_satisfaction,4,13.0,0.0,1.0,0.41600000858306885,0.38600000739097595,0.1979999989271164,0.4494359791278839,0.05359520763158798,0.4969688653945923
love,love,3,love_love,4,,,,,,,,,
love,contempt,3,love_contempt,4,13.0,1.0,0.0,0.8140000104904175,0.014000000432133675,0.1720000058412552,0.796454668045044,0.09151333570480347,0.11203206330537796
love,disgust,3,love_disgust,4,13.0,2.0,0.0,0.5979999899864197,0.07999999821186066,0.32199999690055847,0.7912647724151611,0.09251007437705994,0.11622511595487595
love,embarrassment,3,love_embarrassment,4,13.0,3.0,0.0,0.5799999833106995,0.28600001335144043,0.1340000033378601,0.08236832171678543,0.08012109249830246,0.8375105857849121
satisfaction,satisfaction,3,satisfaction_satisfaction,4,,,,,,,,,
satisfaction,love,3,satisfaction_love,4,14.0,0.0,1.0,0.4000000059604645,0.4860000014305115,0.11400000005960464,0.08561986684799194,0.08171334862709045,0.8326667547225952
satisfaction,contempt,3,satisfaction_contempt,4,14.0,1.0,0.0,0.7400000095367432,0.03200000151991844,0.2280000001192093,0.4371100664138794,0.05145515128970146,0.51143479347229
satisfaction,disgust,3,satisfaction_disgust,4,14.0,2.0,0.0,0.5920000076293945,0.10400000214576721,0.30399999022483826,0.7894021272659302,0.09394612908363342,0.11665168404579163
satisfaction,embarrassment,3,satisfaction_embarrassment,4,14.0,3.0,0.0,0.7059999704360962,0.11400000005960464,0.18000000715255737,0.800157368183136,0.09088543802499771,0.10895717889070511
assertive,confident,1,assertive_confident,5,0.0,0.0,0.0,0.46399998664855957,0.3479999899864197,0.18799999356269836,0.08243260532617569,0.08424471318721771,0.8333227038383484
assertive,grouchy,1,assertive_grouchy,5,0.0,1.0,0.0,0.5379999876022339,0.1940000057220459,0.2680000066757202,0.7989971041679382,0.09112803637981415,0.10987488925457001
assertive,sad,1,assertive_sad,5,0.0,2.0,0.0,0.6100000143051147,0.08799999952316284,0.3019999861717224,0.7905892133712769,0.09294180572032928,0.11646895855665207
assertive,assertive,1,assertive_assertive,5,,,,,,,,,
assertive,unrestrained,1,assertive_unrestrained,5,0.0,3.0,0.0,0.5640000104904175,0.3019999861717224,0.1340000033378601,0.0814170241355896,0.0796765685081482,0.8389064073562622
confident,confident,1,confident_confident,5,,,,,,,,,
confident,grouchy,1,confident_grouchy,5,1.0,0.0,0.0,0.6520000100135803,0.07199999690055847,0.2759999930858612,0.7886729836463928,0.09416253864765167,0.11716452986001968
confident,sad,1,confident_sad,5,1.0,1.0,0.0,0.6480000019073486,0.05400000140070915,0.2980000078678131,0.7943543791770935,0.09001162648200989,0.11563396453857422
confident,assertive,1,confident_assertive,5,1.0,2.0,0.0,0.40799999237060547,0.37400001287460327,0.21799999475479126,0.4434337019920349,0.05360552296042442,0.5029608011245728
confident,unrestrained,1,confident_unrestrained,5,1.0,3.0,0.0,0.46000000834465027,0.37400001287460327,0.16599999368190765,0.082081139087677,0.08056151121854782,0.8373573422431946
grouchy,confident,1,grouchy_confident,5,2.0,0.0,0.0,0.5799999833106995,0.12200000137090683,0.2980000078678131,0.7908088564872742,0.09502384811639786,0.1141672432422638
grouchy,grouchy,1,grouchy_grouchy,5,,,,,,,,,
grouchy,sad,1,grouchy_sad,5,2.0,1.0,0.0,0.44999998807907104,0.38199999928474426,0.1679999977350235,0.0824904665350914,0.08146025985479355,0.8360492587089539
grouchy,assertive,1,grouchy_assertive,5,2.0,2.0,0.0,0.5220000147819519,0.33000001311302185,0.14800000190734863,0.08118696510791779,0.07665844261646271,0.8421545624732971
grouchy,unrestrained,1,grouchy_unrestrained,5,2.0,3.0,0.0,0.5519999861717224,0.25999999046325684,0.18799999356269836,0.44829675555229187,0.04836297035217285,0.5033402442932129
sad,confident,1,sad_confident,5,3.0,0.0,2.0,0.46399998664855957,0.07599999755620956,0.46000000834465027,0.7875893712043762,0.09783361852169037,0.11457698047161102
sad,grouchy,1,sad_grouchy,5,3.0,1.0,0.0,0.4779999852180481,0.37599998712539673,0.1459999978542328,0.079489566385746,0.0804363414645195,0.8400741219520569
sad,sad,1,sad_sad,5,,,,,,,,,
sad,assertive,1,sad_assertive,5,3.0,2.0,0.0,0.527999997138977,0.024000000208616257,0.4480000138282776,0.7865456342697144,0.09534189850091934,0.11811251938343048
sad,unrestrained,1,sad_unrestrained,5,3.0,3.0,0.0,0.5580000281333923,0.2199999988079071,0.22200000286102295,0.46074068546295166,0.4703436493873596,0.0689157098531723
unrestrained,confident,1,unrestrained_confident,5,4.0,0.0,0.0,0.5120000243186951,0.35199999809265137,0.13600000739097595,0.08338400721549988,0.07969572395086288,0.8369203209877014
unrestrained,grouchy,1,unrestrained_grouchy,5,4.0,1.0,0.0,0.5799999833106995,0.17599999904632568,0.24400000274181366,0.4619159400463104,0.4698241055011749,0.06825987249612808
unrestrained,sad,1,unrestrained_sad,5,4.0,2.0,0.0,0.6100000143051147,0.20600000023841858,0.18400000035762787,0.46432673931121826,0.4679202735424042,0.06775303184986115
unrestrained,assertive,1,unrestrained_assertive,5,4.0,3.0,0.0,0.5059999823570251,0.34200000762939453,0.15199999511241913,0.0783458948135376,0.08165600150823593,0.8399980664253235
unrestrained,unrestrained,1,unrestrained_unrestrained,5,,,,,,,,,
bold,nervous,2,bold_nervous,5,5.0,0.0,0.0,0.6039999723434448,0.23600000143051147,0.1599999964237213,0.43191200494766235,0.04890300706028938,0.519184947013855
bold,irritable,2,bold_irritable,5,5.0,1.0,0.0,0.6140000224113464,0.1860000044107437,0.20000000298023224,0.7966219782829285,0.08938620239496231,0.11399178206920624
bold,lively,2,bold_lively,5,5.0,2.0,0.0,0.5099999904632568,0.33399999141693115,0.15600000321865082,0.45742106437683105,0.05062306672334671,0.49195581674575806
bold,bold,2,bold_bold,5,,,,,,,,,
bold,talkative,2,bold_talkative,5,5.0,3.0,0.0,0.4480000138282776,0.3400000035762787,0.21199999749660492,0.44606825709342957,0.05265878140926361,0.501272976398468
irritable,nervous,2,irritable_nervous,5,6.0,0.0,0.0,0.5440000295639038,0.2980000078678131,0.15800000727176666,0.07697446644306183,0.07639839500188828,0.8466271758079529
irritable,irritable,2,irritable_irritable,5,,,,,,,,,
irritable,lively,2,irritable_lively,5,6.0,1.0,0.0,0.492000013589859,0.21400000154972076,0.2939999997615814,0.800995945930481,0.09386434406042099,0.10513968020677567
irritable,bold,2,irritable_bold,5,6.0,2.0,0.0,0.527999997138977,0.2980000078678131,0.17399999499320984,0.812494158744812,0.08708156645298004,0.10042428225278854
irritable,talkative,2,irritable_talkative,5,6.0,3.0,0.0,0.4779999852180481,0.25200000405311584,0.27000001072883606,0.42536962032318115,0.051837898790836334,0.5227924585342407
lively,nervous,2,lively_nervous,5,7.0,0.0,0.0,0.6100000143051147,0.22200000286102295,0.1679999977350235,0.46056902408599854,0.47473224997520447,0.06469863653182983
lively,irritable,2,lively_irritable,5,7.0,1.0,0.0,0.7179999947547913,0.03999999910593033,0.24199999868869781,0.7946723103523254,0.09151015430688858,0.113817498087883
lively,lively,2,lively_lively,5,,,,,,,,,
lively,bold,2,lively_bold,5,7.0,2.0,0.0,0.5260000228881836,0.3400000035762787,0.1340000033378601,0.44982799887657166,0.0523485392332077,0.49782344698905945
lively,talkative,2,lively_talkative,5,7.0,3.0,0.0,0.4560000002384186,0.2879999876022339,0.25600001215934753,0.43664613366127014,0.05379480868577957,0.5095590353012085
nervous,nervous,2,nervous_nervous,5,,,,,,,,,
nervous,irritable,2,nervous_irritable,5,8.0,0.0,0.0,0.46799999475479126,0.3659999966621399,0.16599999368190765,0.08228342980146408,0.07994994521141052,0.8377665877342224
nervous,lively,2,nervous_lively,5,8.0,1.0,0.0,0.5379999876022339,0.3100000023841858,0.15199999511241913,0.4420756697654724,0.05169684812426567,0.506227433681488
nervous,bold,2,nervous_bold,5,8.0,2.0,0.0,0.5019999742507935,0.25200000405311584,0.2460000067949295,0.42469263076782227,0.052480123937129974,0.5228272676467896
nervous,talkative,2,nervous_talkative,5,8.0,3.0,0.0,0.47999998927116394,0.3240000009536743,0.19599999487400055,0.08507874608039856,0.08186934888362885,0.8330519199371338
talkative,nervous,2,talkative_nervous,5,9.0,0.0,0.0,0.5799999833106995,0.27399998903274536,0.1459999978542328,0.08282998949289322,0.08053217828273773,0.8366378545761108
talkative,irritable,2,talkative_irritable,5,9.0,1.0,0.0,0.6340000033378601,0.14800000190734863,0.21799999475479126,0.7972797155380249,0.089940145611763,0.11278008669614792
talkative,lively,2,talkative_lively,5,9.0,2.0,0.0,0.4440000057220459,0.35600000619888306,0.20000000298023224,0.0811062604188919,0.08268755674362183,0.8362061977386475
talkative,bold,2,talkative_bold,5,9.0,3.0,1.0,0.35600000619888306,0.4699999988079071,0.17399999499320984,0.08542077243328094,0.07969916611909866,0.8348801136016846
talkative,talkative,2,talkative_talkative,5,,,,,,,,,
contempt,satisfaction,3,contempt_satisfaction,5,10.0,0.0,0.0,0.734000027179718,0.03200000151991844,0.23399999737739563,0.42943572998046875,0.05374501273036003,0.5168192386627197
contempt,love,3,contempt_love,5,10.0,1.0,0.0,0.593999981880188,0.0020000000949949026,0.40400001406669617,0.7840651273727417,0.0978371724486351,0.11809763312339783
contempt,contempt,3,contempt_contempt,5,,,,,,,,,
contempt,disgust,3,contempt_disgust,5,10.0,2.0,1.0,0.4339999854564667,0.4399999976158142,0.12600000202655792,0.08421153575181961,0.08291380852460861,0.832874596118927
contempt,embarrassment,3,contempt_embarrassment,5,10.0,3.0,0.0,0.5899999737739563,0.20999999344348907,0.20000000298023224,0.46054407954216003,0.4745900630950928,0.06486591696739197
disgust,satisfaction,3,disgust_satisfaction,5,11.0,0.0,2.0,0.46799999475479126,0.035999998450279236,0.4959999918937683,0.7868919968605042,0.09663722664117813,0.1164708212018013
disgust,love,3,disgust_love,5,11.0,1.0,2.0,0.414000004529953,0.0020000000949949026,0.5839999914169312,0.7818517088890076,0.09872747212648392,0.1194208413362503
disgust,contempt,3,disgust_contempt,5,11.0,2.0,0.0,0.4880000054836273,0.33399999141693115,0.17800000309944153,0.07871239632368088,0.08331583440303802,0.8379718065261841
disgust,disgust,3,disgust_disgust,5,,,,,,,,,
disgust,embarrassment,3,disgust_embarrassment,5,11.0,3.0,0.0,0.5839999914169312,0.2240000069141388,0.19200000166893005,0.8084819912910461,0.0853218361735344,0.10619613528251648
embarrassment,satisfaction,3,embarrassment_satisfaction,5,12.0,0.0,2.0,0.47600001096725464,0.03200000151991844,0.492000013589859,0.7847875356674194,0.09797371923923492,0.11723875999450684
embarrassment,love,3,embarrassment_love,5,12.0,1.0,0.0,0.6140000224113464,0.0860000029206276,0.30000001192092896,0.7886226773262024,0.094585120677948,0.11679217964410782
embarrassment,contempt,3,embarrassment_contempt,5,12.0,2.0,0.0,0.4819999933242798,0.3479999899864197,0.17000000178813934,0.4436114728450775,0.048214927315711975,0.5081736445426941
embarrassment,disgust,3,embarrassment_disgust,5,12.0,3.0,0.0,0.5400000214576721,0.3019999861717224,0.15800000727176666,0.0767240896821022,0.07369124889373779,0.849584698677063
embarrassment,embarrassment,3,embarrassment_embarrassment,5,,,,,,,,,
love,satisfaction,3,love_satisfaction,5,13.0,0.0,0.0,0.5,0.3720000088214874,0.12800000607967377,0.08136448264122009,0.08518005162477493,0.8334554433822632
love,love,3,love_love,5,,,,,,,,,
love,contempt,3,love_contempt,5,13.0,1.0,0.0,0.7720000147819519,0.0,0.2280000001192093,0.787142276763916,0.09594368189573288,0.11691409349441528
love,disgust,3,love_disgust,5,13.0,2.0,0.0,0.5080000162124634,0.03200000151991844,0.46000000834465027,0.7852853536605835,0.09645168483257294,0.11826297640800476
love,embarrassment,3,love_embarrassment,5,13.0,3.0,0.0,0.6200000047683716,0.21799999475479126,0.16200000047683716,0.4266525208950043,0.04815876483917236,0.5251887440681458
satisfaction,satisfaction,3,satisfaction_satisfaction,5,,,,,,,,,
satisfaction,love,3,satisfaction_love,5,14.0,0.0,0.0,0.4560000002384186,0.41200000047683716,0.13199999928474426,0.08322130143642426,0.08188235014677048,0.8348963856697083
satisfaction,contempt,3,satisfaction_contempt,5,14.0,1.0,0.0,0.722000002861023,0.006000000052154064,0.2720000147819519,0.796355664730072,0.0960967093706131,0.10754772275686264
satisfaction,disgust,3,satisfaction_disgust,5,14.0,2.0,0.0,0.515999972820282,0.07599999755620956,0.40799999237060547,0.7850708365440369,0.09649980813264847,0.11842937022447586
satisfaction,embarrassment,3,satisfaction_embarrassment,5,14.0,3.0,0.0,0.6179999709129333,0.057999998331069946,0.3240000009536743,0.789901614189148,0.09558242559432983,0.11451595276594162
assertive,confident,1,assertive_confident,6,0.0,0.0,0.0,0.46799999475479126,0.3499999940395355,0.18199999630451202,0.08526655286550522,0.08246029168367386,0.8322731852531433
assertive,grouchy,1,assertive_grouchy,6,0.0,1.0,0.0,0.5839999914169312,0.12600000202655792,0.28999999165534973,0.7950373291969299,0.09167688339948654,0.11328581720590591
assertive,sad,1,assertive_sad,6,0.0,2.0,0.0,0.5720000267028809,0.03799999877810478,0.38999998569488525,0.78470379114151,0.0968453660607338,0.11845093965530396
assertive,assertive,1,assertive_assertive,6,,,,,,,,,
assertive,unrestrained,1,assertive_unrestrained,6,0.0,3.0,0.0,0.5920000076293945,0.25200000405311584,0.15600000321865082,0.08110306411981583,0.07797227054834366,0.8409246802330017
confident,confident,1,confident_confident,6,,,,,,,,,
confident,grouchy,1,confident_grouchy,6,1.0,0.0,0.0,0.5879999995231628,0.029999999329447746,0.38199999928474426,0.7841593623161316,0.09715308248996735,0.11868761479854584
confident,sad,1,confident_sad,6,1.0,1.0,0.0,0.6159999966621399,0.02800000086426735,0.35600000619888306,0.787376880645752,0.09489110857248306,0.11773199588060379
confident,assertive,1,confident_assertive,6,1.0,2.0,0.0,0.492000013589859,0.34599998593330383,0.16200000047683716,0.0815294086933136,0.08411934971809387,0.8343513011932373
confident,unrestrained,1,confident_unrestrained,6,1.0,3.0,0.0,0.5199999809265137,0.3140000104904175,0.16599999368190765,0.05173144116997719,0.44671759009361267,0.5015509724617004
grouchy,confident,1,grouchy_confident,6,2.0,0.0,0.0,0.5099999904632568,0.04800000041723251,0.44200000166893005,0.7857733964920044,0.09727556258440018,0.11695099622011185
grouchy,grouchy,1,grouchy_grouchy,6,,,,,,,,,
grouchy,sad,1,grouchy_sad,6,2.0,1.0,0.0,0.49399998784065247,0.3160000145435333,0.1899999976158142,0.08097720146179199,0.07765734940767288,0.8413654565811157
grouchy,assertive,1,grouchy_assertive,6,2.0,2.0,0.0,0.5699999928474426,0.30399999022483826,0.12600000202655792,0.44724076986312866,0.047725122421979904,0.5050340890884399
grouchy,unrestrained,1,grouchy_unrestrained,6,2.0,3.0,0.0,0.5479999780654907,0.22599999606609344,0.22599999606609344,0.8056381940841675,0.08703187108039856,0.10732989758253098
sad,confident,1,sad_confident,6,3.0,0.0,2.0,0.3240000009536743,0.02199999988079071,0.6539999842643738,0.7829811573028564,0.09913650900125504,0.11788231134414673
sad,grouchy,1,sad_grouchy,6,3.0,1.0,0.0,0.5540000200271606,0.3179999887943268,0.12800000607967377,0.07902120798826218,0.07481573522090912,0.8461630344390869
sad,sad,1,sad_sad,6,,,,,,,,,
sad,assertive,1,sad_assertive,6,3.0,2.0,2.0,0.3880000114440918,0.006000000052154064,0.6060000061988831,0.7834495902061462,0.09745783358812332,0.11909248679876328
sad,unrestrained,1,sad_unrestrained,6,3.0,3.0,0.0,0.5320000052452087,0.14399999380111694,0.3240000009536743,0.7912871837615967,0.09154637157917023,0.1171664223074913
unrestrained,confident,1,unrestrained_confident,6,4.0,0.0,0.0,0.5180000066757202,0.335999995470047,0.1459999978542328,0.05194869264960289,0.4456525444984436,0.5023987889289856
unrestrained,grouchy,1,unrestrained_grouchy,6,4.0,1.0,0.0,0.5680000185966492,0.12399999797344208,0.30799999833106995,0.7925049066543579,0.090692900121212,0.11680217832326889
unrestrained,sad,1,unrestrained_sad,6,4.0,2.0,0.0,0.5419999957084656,0.1860000044107437,0.2720000147819519,0.7947766184806824,0.08973484486341476,0.11548849940299988
unrestrained,assertive,1,unrestrained_assertive,6,4.0,3.0,0.0,0.5540000200271606,0.29600000381469727,0.15000000596046448,0.07838165760040283,0.07935488224029541,0.8422634601593018
unrestrained,unrestrained,1,unrestrained_unrestrained,6,,,,,,,,,
bold,nervous,2,bold_nervous,6,5.0,0.0,0.0,0.5379999876022339,0.21400000154972076,0.24799999594688416,0.7985679507255554,0.09137073159217834,0.11006134003400803
bold,irritable,2,bold_irritable,6,5.0,1.0,0.0,0.5960000157356262,0.12399999797344208,0.2800000011920929,0.7897266149520874,0.09362232685089111,0.11665106564760208
bold,lively,2,bold_lively,6,5.0,2.0,0.0,0.5,0.3540000021457672,0.1459999978542328,0.08225901424884796,0.08136381953954697,0.8363772034645081
bold,bold,2,bold_bold,6,,,,,,,,,
bold,talkative,2,bold_talkative,6,5.0,3.0,0.0,0.44600000977516174,0.38999998569488525,0.164000004529953,0.0812026709318161,0.08294754475355148,0.8358498215675354
irritable,nervous,2,irritable_nervous,6,6.0,0.0,0.0,0.5580000281333923,0.24799999594688416,0.1940000057220459,0.8121981024742126,0.08547373861074448,0.10232822597026825
irritable,irritable,2,irritable_irritable,6,,,,,,,,,
irritable,lively,2,irritable_lively,6,6.0,1.0,0.0,0.4399999976158142,0.17000000178813934,0.38999998569488525,0.791560709476471,0.09652620553970337,0.1119130402803421
irritable,bold,2,irritable_bold,6,6.0,2.0,0.0,0.5099999904632568,0.27799999713897705,0.21199999749660492,0.8018062710762024,0.08831044286489487,0.10988330096006393
irritable,talkative,2,irritable_talkative,6,6.0,3.0,0.0,0.4180000126361847,0.1860000044107437,0.3959999978542328,0.7902416586875916,0.09592379629611969,0.11383455991744995
lively,nervous,2,lively_nervous,6,7.0,0.0,0.0,0.6000000238418579,0.16200000047683716,0.23800000548362732,0.7971458435058594,0.09007026255130768,0.11278390139341354
lively,irritable,2,lively_irritable,6,7.0,1.0,0.0,0.6259999871253967,0.012000000104308128,0.3619999885559082,0.7864213585853577,0.09638185799121857,0.11719677597284317
lively,lively,2,lively_lively,6,,,,,,,,,
lively,bold,2,lively_bold,6,7.0,2.0,0.0,0.527999997138977,0.34599998593330383,0.12600000202655792,0.08293042331933975,0.0817621499300003,0.8353074193000793
lively,talkative,2,lively_talkative,6,7.0,3.0,0.0,0.46000000834465027,0.35199999809265137,0.18799999356269836,0.45716381072998047,0.05102002993226051,0.4918161928653717
nervous,nervous,2,nervous_nervous,6,,,,,,,,,
nervous,irritable,2,nervous_irritable,6,8.0,0.0,0.0,0.5239999890327454,0.2720000147819519,0.20399999618530273,0.08071935921907425,0.07711335271596909,0.842167317867279
nervous,lively,2,nervous_lively,6,8.0,1.0,0.0,0.5059999823570251,0.2460000067949295,0.24799999594688416,0.4361007809638977,0.05265788733959198,0.5112413763999939
nervous,bold,2,nervous_bold,6,8.0,2.0,2.0,0.37400001287460327,0.25200000405311584,0.37400001287460327,0.7956247329711914,0.09775011241436005,0.10662516951560974
nervous,talkative,2,nervous_talkative,6,8.0,3.0,0.0,0.5139999985694885,0.28999999165534973,0.19599999487400055,0.08286315947771072,0.08144761621952057,0.8356891870498657
talkative,nervous,2,talkative_nervous,6,9.0,0.0,0.0,0.5519999861717224,0.2800000011920929,0.1679999977350235,0.4440916180610657,0.05016087368130684,0.5057474970817566
talkative,irritable,2,talkative_irritable,6,9.0,1.0,0.0,0.6000000238418579,0.07199999690055847,0.328000009059906,0.7889810800552368,0.09448190778493881,0.11653696000576019
talkative,lively,2,talkative_lively,6,9.0,2.0,0.0,0.5059999823570251,0.3659999966621399,0.12800000607967377,0.08403375744819641,0.08087816834449768,0.8350880146026611
talkative,bold,2,talkative_bold,6,9.0,3.0,0.0,0.4339999854564667,0.38999998569488525,0.17599999904632568,0.05416446179151535,0.4351367950439453,0.5106987357139587
talkative,talkative,2,talkative_talkative,6,,,,,,,,,
contempt,satisfaction,3,contempt_satisfaction,6,10.0,0.0,0.0,0.671999990940094,0.012000000104308128,0.3160000145435333,0.7920289039611816,0.09862473607063293,0.10934632271528244
contempt,love,3,contempt_love,6,10.0,1.0,2.0,0.44999998807907104,0.0,0.550000011920929,0.7812933921813965,0.09924352914094925,0.11946304887533188
contempt,contempt,3,contempt_contempt,6,,,,,,,,,
contempt,disgust,3,contempt_disgust,6,10.0,2.0,1.0,0.43799999356269836,0.4099999964237213,0.15199999511241913,0.08368194848299026,0.07903707772493362,0.8372809290885925
contempt,embarrassment,3,contempt_embarrassment,6,10.0,3.0,0.0,0.5699999928474426,0.1899999976158142,0.23999999463558197,0.46014347672462463,0.47175654768943787,0.06810000538825989
disgust,satisfaction,3,disgust_satisfaction,6,11.0,0.0,2.0,0.2919999957084656,0.019999999552965164,0.6880000233650208,0.7839422225952148,0.09805042296648026,0.1180073618888855
disgust,love,3,disgust_love,6,11.0,1.0,2.0,0.22599999606609344,0.0,0.7739999890327454,0.780638575553894,0.09956464171409607,0.11979680508375168
disgust,contempt,3,disgust_contempt,6,11.0,2.0,0.0,0.5040000081062317,0.3700000047683716,0.12600000202655792,0.07927833497524261,0.08013875037431717,0.8405829071998596
disgust,disgust,3,disgust_disgust,6,,,,,,,,,
disgust,embarrassment,3,disgust_embarrassment,6,11.0,3.0,0.0,0.6119999885559082,0.1979999989271164,0.1899999976158142,0.8046408891677856,0.08510927855968475,0.11024989187717438
embarrassment,satisfaction,3,embarrassment_satisfaction,6,12.0,0.0,2.0,0.29600000381469727,0.006000000052154064,0.6980000138282776,0.7817816734313965,0.0993003100156784,0.11891799420118332
embarrassment,love,3,embarrassment_love,6,12.0,1.0,0.0,0.5040000081062317,0.03999999910593033,0.4560000002384186,0.7840580940246582,0.09731940925121307,0.11862244457006454
embarrassment,contempt,3,embarrassment_contempt,6,12.0,2.0,0.0,0.4880000054836273,0.3479999899864197,0.164000004529953,0.4719548225402832,0.4622505009174347,0.06579462438821793
embarrassment,disgust,3,embarrassment_disgust,6,12.0,3.0,0.0,0.6000000238418579,0.23000000417232513,0.17000000178813934,0.4792400300502777,0.4557371735572815,0.06502287089824677
embarrassment,embarrassment,3,embarrassment_embarrassment,6,,,,,,,,,
love,satisfaction,3,love_satisfaction,6,13.0,0.0,0.0,0.5759999752044678,0.30399999022483826,0.11999999731779099,0.08326652646064758,0.08286046981811523,0.8338729739189148
love,love,3,love_love,6,,,,,,,,,
love,contempt,3,love_contempt,6,13.0,1.0,0.0,0.671999990940094,0.0,0.328000009059906,0.7824972867965698,0.09848759323358536,0.11901508271694183
love,disgust,3,love_disgust,6,13.0,2.0,2.0,0.3499999940395355,0.012000000104308128,0.6380000114440918,0.7819899320602417,0.09865085035562515,0.11935921758413315
love,embarrassment,3,love_embarrassment,6,13.0,3.0,0.0,0.6000000238418579,0.13600000739097595,0.2639999985694885,0.7974171042442322,0.09039662033319473,0.11218622326850891
satisfaction,satisfaction,3,satisfaction_satisfaction,6,,,,,,,,,
satisfaction,love,3,satisfaction_love,6,14.0,0.0,0.0,0.4880000054836273,0.3540000021457672,0.15800000727176666,0.07942403107881546,0.08194424211978912,0.8386317491531372
satisfaction,contempt,3,satisfaction_contempt,6,14.0,1.0,0.0,0.6100000143051147,0.0020000000949949026,0.3880000114440918,0.7870370745658875,0.09828967601060867,0.11467326432466507
satisfaction,disgust,3,satisfaction_disgust,6,14.0,2.0,2.0,0.41600000858306885,0.04800000041723251,0.5360000133514404,0.7825512290000916,0.09816820919513702,0.11928057670593262
satisfaction,embarrassment,3,satisfaction_embarrassment,6,14.0,3.0,0.0,0.5479999780654907,0.009999999776482582,0.44200000166893005,0.784155011177063,0.09825719892978668,0.11758776754140854
assertive,confident,1,assertive_confident,7,0.0,0.0,0.0,0.5299999713897705,0.31200000643730164,0.15800000727176666,0.08598466217517853,0.07979122549295425,0.8342241048812866
assertive,grouchy,1,assertive_grouchy,7,0.0,1.0,0.0,0.5839999914169312,0.06800000369548798,0.3479999899864197,0.7929221391677856,0.09172315150499344,0.11535468697547913
assertive,sad,1,assertive_sad,7,0.0,2.0,2.0,0.3959999978542328,0.00800000037997961,0.5960000157356262,0.7814227938652039,0.09904635697603226,0.11953090131282806
assertive,assertive,1,assertive_assertive,7,,,,,,,,,
assertive,unrestrained,1,assertive_unrestrained,7,0.0,3.0,0.0,0.6039999723434448,0.23600000143051147,0.1599999964237213,0.08108218014240265,0.07671148329973221,0.8422063589096069
confident,confident,1,confident_confident,7,,,,,,,,,
confident,grouchy,1,confident_grouchy,7,1.0,0.0,2.0,0.4519999921321869,0.01600000075995922,0.5320000052452087,0.7815032005310059,0.09896411001682281,0.11953264474868774
confident,sad,1,confident_sad,7,1.0,1.0,0.0,0.5139999985694885,0.012000000104308128,0.4740000069141388,0.7831454277038574,0.09779863059520721,0.11905596405267715
confident,assertive,1,confident_assertive,7,1.0,2.0,0.0,0.5199999809265137,0.3440000116825104,0.13600000739097595,0.08447401225566864,0.08118312805891037,0.8343428373336792
confident,unrestrained,1,confident_unrestrained,7,1.0,3.0,0.0,0.5759999752044678,0.27000001072883606,0.15399999916553497,0.053172651678323746,0.4310029149055481,0.5158244371414185
grouchy,confident,1,grouchy_confident,7,2.0,0.0,2.0,0.4259999990463257,0.017999999225139618,0.5559999942779541,0.7823763489723206,0.09889130294322968,0.11873231083154678
grouchy,grouchy,1,grouchy_grouchy,7,,,,,,,,,
grouchy,sad,1,grouchy_sad,7,2.0,1.0,0.0,0.5080000162124634,0.3059999942779541,0.1860000044107437,0.049904219806194305,0.4282054901123047,0.5218902826309204
grouchy,assertive,1,grouchy_assertive,7,2.0,2.0,0.0,0.5339999794960022,0.24799999594688416,0.21799999475479126,0.8058329224586487,0.08974464237689972,0.10442239046096802
grouchy,unrestrained,1,grouchy_unrestrained,7,2.0,3.0,0.0,0.527999997138977,0.2160000056028366,0.25600001215934753,0.7989383935928345,0.08785717934370041,0.1132044643163681
sad,confident,1,sad_confident,7,3.0,0.0,2.0,0.12399999797344208,0.0,0.8759999871253967,0.780692994594574,0.09988360852003098,0.11942341178655624
sad,grouchy,1,sad_grouchy,7,3.0,1.0,0.0,0.5360000133514404,0.27799999713897705,0.1860000044107437,0.09241575002670288,0.8038780093193054,0.10370612889528275
sad,sad,1,sad_sad,7,,,,,,,,,
sad,assertive,1,sad_assertive,7,3.0,2.0,2.0,0.2199999988079071,0.0,0.7799999713897705,0.7814801335334778,0.09891261905431747,0.11960728466510773
sad,unrestrained,1,sad_unrestrained,7,3.0,3.0,2.0,0.4180000126361847,0.06800000369548798,0.5139999985694885,0.7852607369422913,0.09607003629207611,0.11866921186447144
unrestrained,confident,1,unrestrained_confident,7,4.0,0.0,0.0,0.5619999766349792,0.28200000524520874,0.15600000321865082,0.05245993286371231,0.4330287277698517,0.5145113468170166
unrestrained,grouchy,1,unrestrained_grouchy,7,4.0,1.0,0.0,0.5440000295639038,0.057999998331069946,0.39800000190734863,0.7859694361686707,0.09552193433046341,0.11850858479738235
unrestrained,sad,1,unrestrained_sad,7,4.0,2.0,0.0,0.47200000286102295,0.12600000202655792,0.4020000100135803,0.7876734733581543,0.09469151496887207,0.11763506382703781
unrestrained,assertive,1,unrestrained_assertive,7,4.0,3.0,0.0,0.5600000023841858,0.28200000524520874,0.15800000727176666,0.07949815690517426,0.07458505034446716,0.845916748046875
unrestrained,unrestrained,1,unrestrained_unrestrained,7,,,,,,,,,
bold,nervous,2,bold_nervous,7,5.0,0.0,0.0,0.46399998664855957,0.17599999904632568,0.36000001430511475,0.7912137508392334,0.09405593574047089,0.11473026871681213
bold,irritable,2,bold_irritable,7,5.0,1.0,0.0,0.5,0.07800000160932541,0.421999990940094,0.7850147485733032,0.09661640226840973,0.11836883425712585
bold,lively,2,bold_lively,7,5.0,2.0,0.0,0.5080000162124634,0.36800000071525574,0.12399999797344208,0.08377767354249954,0.08001292496919632,0.8362094163894653
bold,bold,2,bold_bold,7,,,,,,,,,
bold,talkative,2,bold_talkative,7,5.0,3.0,0.0,0.42800000309944153,0.4339999854564667,0.1379999965429306,0.0836542621254921,0.08076824247837067,0.8355774879455566
irritable,nervous,2,irritable_nervous,7,6.0,0.0,0.0,0.5379999876022339,0.19599999487400055,0.26600000262260437,0.8046851754188538,0.08734329044818878,0.10797152668237686
irritable,irritable,2,irritable_irritable,7,,,,,,,,,
irritable,lively,2,irritable_lively,7,6.0,1.0,2.0,0.3179999887943268,0.09000000357627869,0.5920000076293945,0.7855397462844849,0.09851881861686707,0.11594144254922867
irritable,bold,2,irritable_bold,7,6.0,2.0,0.0,0.4300000071525574,0.21400000154972076,0.35600000619888306,0.7956414818763733,0.090212382376194,0.1141461655497551
irritable,talkative,2,irritable_talkative,7,6.0,3.0,2.0,0.3619999885559082,0.12800000607967377,0.5099999904632568,0.7846331596374512,0.0975845605134964,0.11778231710195541
lively,nervous,2,lively_nervous,7,7.0,0.0,0.0,0.5960000157356262,0.10400000214576721,0.30000001192092896,0.7897594571113586,0.09440384060144424,0.11583665758371353
lively,irritable,2,lively_irritable,7,7.0,1.0,2.0,0.48399999737739563,0.0,0.515999972820282,0.7818946838378906,0.09898559004068375,0.11911972612142563
lively,lively,2,lively_lively,7,,,,,,,,,
lively,bold,2,lively_bold,7,7.0,2.0,0.0,0.4819999933242798,0.3720000088214874,0.1459999978542328,0.08448568731546402,0.0775124728679657,0.8380018472671509
lively,talkative,2,lively_talkative,7,7.0,3.0,0.0,0.44999998807907104,0.3619999885559082,0.18799999356269836,0.08438026160001755,0.08062182366847992,0.8349979519844055
nervous,nervous,2,nervous_nervous,7,,,,,,,,,
nervous,irritable,2,nervous_irritable,7,8.0,0.0,0.0,0.593999981880188,0.2160000056028366,0.1899999976158142,0.07862142473459244,0.07382521033287048,0.8475533723831177
nervous,lively,2,nervous_lively,7,8.0,1.0,0.0,0.5139999985694885,0.1979999989271164,0.2879999876022339,0.4321526288986206,0.05338938534259796,0.5144580006599426
nervous,bold,2,nervous_bold,7,8.0,2.0,2.0,0.22599999606609344,0.1599999964237213,0.6140000224113464,0.7897677421569824,0.09884558618068695,0.11138666421175003
nervous,talkative,2,nervous_talkative,7,8.0,3.0,0.0,0.5559999942779541,0.21199999749660492,0.23199999332427979,0.4463422894477844,0.05023927986621857,0.5034184455871582
talkative,nervous,2,talkative_nervous,7,9.0,0.0,0.0,0.5619999766349792,0.21799999475479126,0.2199999988079071,0.7993385195732117,0.09293089061975479,0.10773059725761414
talkative,irritable,2,talkative_irritable,7,9.0,1.0,0.0,0.4560000002384186,0.03999999910593033,0.5040000081062317,0.7837687730789185,0.09757737070322037,0.11865385621786118
talkative,lively,2,talkative_lively,7,9.0,2.0,0.0,0.4819999933242798,0.37400001287460327,0.14399999380111694,0.08502636104822159,0.07908473908901215,0.8358888626098633
talkative,bold,2,talkative_bold,7,9.0,3.0,0.0,0.47200000286102295,0.4020000100135803,0.12600000202655792,0.054151225835084915,0.43048837780952454,0.515360414981842
talkative,talkative,2,talkative_talkative,7,,,,,,,,,
contempt,satisfaction,3,contempt_satisfaction,7,10.0,0.0,0.0,0.5360000133514404,0.0,0.46399998664855957,0.7852398157119751,0.09947467595338821,0.1152854710817337
contempt,love,3,contempt_love,7,10.0,1.0,2.0,0.34200000762939453,0.0,0.6579999923706055,0.7801570892333984,0.09993581473827362,0.11990705132484436
contempt,contempt,3,contempt_contempt,7,,,,,,,,,
contempt,disgust,3,contempt_disgust,7,10.0,2.0,0.0,0.4819999933242798,0.36399999260902405,0.15399999916553497,0.05232735350728035,0.4307318925857544,0.5169407725334167
contempt,embarrassment,3,contempt_embarrassment,7,10.0,3.0,0.0,0.5759999752044678,0.10000000149011612,0.3240000009536743,0.45365750789642334,0.4774034023284912,0.06893907487392426
disgust,satisfaction,3,disgust_satisfaction,7,11.0,0.0,2.0,0.07800000160932541,0.004000000189989805,0.9179999828338623,0.7818251252174377,0.09910982847213745,0.11906503885984421
disgust,love,3,disgust_love,7,11.0,1.0,2.0,0.07000000029802322,0.0,0.9300000071525574,0.7800447344779968,0.10000094771385193,0.11995431035757065
disgust,contempt,3,disgust_contempt,7,11.0,2.0,0.0,0.5,0.3580000102519989,0.1420000046491623,0.0507192499935627,0.4274320602416992,0.5218486785888672
disgust,disgust,3,disgust_disgust,7,,,,,,,,,
disgust,embarrassment,3,disgust_embarrassment,7,11.0,3.0,0.0,0.5820000171661377,0.14399999380111694,0.27399998903274536,0.45301902294158936,0.4804628789424896,0.06651810556650162
embarrassment,satisfaction,3,embarrassment_satisfaction,7,12.0,0.0,2.0,0.09399999678134918,0.0020000000949949026,0.9039999842643738,0.7803179025650024,0.09996199607849121,0.11972009390592575
embarrassment,love,3,embarrassment_love,7,12.0,1.0,2.0,0.36399999260902405,0.01600000075995922,0.6200000047683716,0.781405508518219,0.09904541820287704,0.11954908072948456
embarrassment,contempt,3,embarrassment_contempt,7,12.0,2.0,0.0,0.5260000228881836,0.2759999930858612,0.1979999989271164,0.476608544588089,0.45412927865982056,0.06926222145557404
embarrassment,disgust,3,embarrassment_disgust,7,12.0,3.0,0.0,0.6399999856948853,0.15199999511241913,0.20800000429153442,0.47553712129592896,0.45617449283599854,0.06828837841749191
embarrassment,embarrassment,3,embarrassment_embarrassment,7,,,,,,,,,
love,satisfaction,3,love_satisfaction,7,13.0,0.0,0.0,0.5619999766349792,0.335999995470047,0.10199999809265137,0.08385158330202103,0.07932017743587494,0.8368282318115234
love,love,3,love_love,7,,,,,,,,,
love,contempt,3,love_contempt,7,13.0,1.0,0.0,0.5260000228881836,0.0,0.4740000069141388,0.7804610729217529,0.09973432123661041,0.11980452388525009
love,disgust,3,love_disgust,7,13.0,2.0,2.0,0.2160000056028366,0.004000000189989805,0.7799999713897705,0.7803869247436523,0.09976118803024292,0.11985191702842712
love,embarrassment,3,love_embarrassment,7,13.0,3.0,0.0,0.6039999723434448,0.11800000071525574,0.27799999713897705,0.7909426689147949,0.09283480048179626,0.11622248589992523
satisfaction,satisfaction,3,satisfaction_satisfaction,7,,,,,,,,,
satisfaction,love,3,satisfaction_love,7,14.0,0.0,0.0,0.5460000038146973,0.27000001072883606,0.18400000035762787,0.44651877880096436,0.05088186264038086,0.5025993585586548
satisfaction,contempt,3,satisfaction_contempt,7,14.0,1.0,0.0,0.5339999794960022,0.0,0.4659999907016754,0.7823677659034729,0.09959345310926437,0.11803878098726273
satisfaction,disgust,3,satisfaction_disgust,7,14.0,2.0,2.0,0.2720000147819519,0.014000000432133675,0.7139999866485596,0.7810350656509399,0.09925786405801773,0.11970708519220352
satisfaction,embarrassment,3,satisfaction_embarrassment,7,14.0,3.0,2.0,0.42800000309944153,0.0,0.5720000267028809,0.7811005115509033,0.09965002536773682,0.11924942582845688
assertive,confident,1,assertive_confident,8,0.0,0.0,0.0,0.49799999594688416,0.3779999911785126,0.12399999797344208,0.05282841995358467,0.4487612247467041,0.4984104037284851
assertive,grouchy,1,assertive_grouchy,8,0.0,1.0,0.0,0.5180000066757202,0.012000000104308128,0.4699999988079071,0.792602002620697,0.09062033891677856,0.11677765846252441
assertive,sad,1,assertive_sad,8,0.0,2.0,2.0,0.14399999380111694,0.0020000000949949026,0.8539999723434448,0.7800103425979614,0.10003269463777542,0.11995698511600494
assertive,assertive,1,assertive_assertive,8,,,,,,,,,
assertive,unrestrained,1,assertive_unrestrained,8,0.0,3.0,0.0,0.5659999847412109,0.29600000381469727,0.1379999965429306,0.08159583806991577,0.0772041529417038,0.8411999940872192
confident,confident,1,confident_confident,8,,,,,,,,,
confident,grouchy,1,confident_grouchy,8,1.0,0.0,2.0,0.22599999606609344,0.0,0.7739999890327454,0.7801427841186523,0.0999322459101677,0.11992497742176056
confident,sad,1,confident_sad,8,1.0,1.0,2.0,0.3240000009536743,0.0,0.6759999990463257,0.7806623578071594,0.09955224394798279,0.11978539079427719
confident,assertive,1,confident_assertive,8,1.0,2.0,0.0,0.5519999861717224,0.3440000116825104,0.10400000214576721,0.054020948708057404,0.43707382678985596,0.5089052319526672
confident,unrestrained,1,confident_unrestrained,8,1.0,3.0,0.0,0.6259999871253967,0.2619999945163727,0.1120000034570694,0.05354349687695503,0.4303867816925049,0.5160697102546692
grouchy,confident,1,grouchy_confident,8,2.0,0.0,2.0,0.2280000001192093,0.0020000000949949026,0.7699999809265137,0.7803934216499329,0.0998808741569519,0.11972573399543762
grouchy,grouchy,1,grouchy_grouchy,8,,,,,,,,,
grouchy,sad,1,grouchy_sad,8,2.0,1.0,0.0,0.5519999861717224,0.27399998903274536,0.17399999499320984,0.09057337045669556,0.7996968626976013,0.10972975194454193
grouchy,assertive,1,grouchy_assertive,8,2.0,2.0,0.0,0.6119999885559082,0.15399999916553497,0.23399999737739563,0.7947186231613159,0.09390175342559814,0.11137960851192474
grouchy,unrestrained,1,grouchy_unrestrained,8,2.0,3.0,0.0,0.46799999475479126,0.21199999749660492,0.3199999928474426,0.7927206754684448,0.09066902846097946,0.1166103407740593
sad,confident,1,sad_confident,8,3.0,0.0,2.0,0.02199999988079071,0.0,0.9779999852180481,0.7798663973808289,0.10017677396535873,0.11995687335729599
sad,grouchy,1,sad_grouchy,8,3.0,1.0,0.0,0.5680000185966492,0.2680000066757202,0.164000004529953,0.09383673220872879,0.798771858215332,0.1073913723230362
sad,sad,1,sad_sad,8,,,,,,,,,
sad,assertive,1,sad_assertive,8,3.0,2.0,2.0,0.07000000029802322,0.0,0.9300000071525574,0.7802618741989136,0.09983544796705246,0.11990275979042053
sad,unrestrained,1,sad_unrestrained,8,3.0,3.0,2.0,0.26600000262260437,0.00800000037997961,0.7260000109672546,0.781480073928833,0.09891366958618164,0.11960620433092117
unrestrained,confident,1,unrestrained_confident,8,4.0,0.0,0.0,0.5979999899864197,0.25200000405311584,0.15000000596046448,0.05142898112535477,0.4317363500595093,0.5168347358703613
unrestrained,grouchy,1,unrestrained_grouchy,8,4.0,1.0,0.0,0.5519999861717224,0.026000000536441803,0.421999990940094,0.781882643699646,0.0986035019159317,0.1195138692855835
unrestrained,sad,1,unrestrained_sad,8,4.0,2.0,2.0,0.27000001072883606,0.07400000095367432,0.656000018119812,0.7826976776123047,0.09811442345380783,0.11918787658214569
unrestrained,assertive,1,unrestrained_assertive,8,4.0,3.0,0.0,0.5479999780654907,0.23999999463558197,0.21199999749660492,0.0517587810754776,0.41849246621131897,0.529748797416687
unrestrained,unrestrained,1,unrestrained_unrestrained,8,,,,,,,,,
bold,nervous,2,bold_nervous,8,5.0,0.0,2.0,0.44999998807907104,0.12600000202655792,0.42399999499320984,0.7852850556373596,0.09688043594360352,0.11783446371555328
bold,irritable,2,bold_irritable,8,5.0,1.0,2.0,0.3479999899864197,0.03999999910593033,0.6119999885559082,0.7816898226737976,0.09883642941713333,0.11947376281023026
bold,lively,2,bold_lively,8,5.0,2.0,0.0,0.49799999594688416,0.37599998712539673,0.12600000202655792,0.08453410118818283,0.07941506803035736,0.836050808429718
bold,bold,2,bold_bold,8,,,,,,,,,
bold,talkative,2,bold_talkative,8,5.0,3.0,0.0,0.47999998927116394,0.4099999964237213,0.10999999940395355,0.08468396216630936,0.07769775390625,0.8376182913780212
irritable,nervous,2,irritable_nervous,8,6.0,0.0,0.0,0.5419999957084656,0.15800000727176666,0.30000001192092896,0.7980272769927979,0.09025898575782776,0.11171368509531021
irritable,irritable,2,irritable_irritable,8,,,,,,,,,
irritable,lively,2,irritable_lively,8,6.0,1.0,2.0,0.10400000214576721,0.04600000008940697,0.8500000238418579,0.7815540432929993,0.09977688640356064,0.11866909265518188
irritable,bold,2,irritable_bold,8,6.0,2.0,2.0,0.38600000739097595,0.13600000739097595,0.4779999852180481,0.7897542119026184,0.09321126341819763,0.11703457683324814
irritable,talkative,2,irritable_talkative,8,6.0,3.0,2.0,0.2240000069141388,0.052000001072883606,0.7239999771118164,0.7814152240753174,0.09909804165363312,0.11948671191930771
lively,nervous,2,lively_nervous,8,7.0,0.0,2.0,0.36399999260902405,0.041999999433755875,0.593999981880188,0.7838835120201111,0.09781698882579803,0.11829951405525208
lively,irritable,2,lively_irritable,8,7.0,1.0,2.0,0.15399999916553497,0.0,0.8460000157356262,0.7800366282463074,0.10005505383014679,0.11990834772586823
lively,lively,2,lively_lively,8,,,,,,,,,
lively,bold,2,lively_bold,8,7.0,2.0,0.0,0.5299999713897705,0.3440000116825104,0.12600000202655792,0.08462843298912048,0.07645367830991745,0.8389178514480591
lively,talkative,2,lively_talkative,8,7.0,3.0,0.0,0.47600001096725464,0.4099999964237213,0.11400000005960464,0.08574891835451126,0.07680409401655197,0.8374470472335815
nervous,nervous,2,nervous_nervous,8,,,,,,,,,
nervous,irritable,2,nervous_irritable,8,8.0,0.0,0.0,0.6899999976158142,0.1599999964237213,0.15000000596046448,0.44275689125061035,0.04556690901517868,0.5116761922836304
nervous,lively,2,nervous_lively,8,8.0,1.0,2.0,0.3840000033378601,0.14000000059604645,0.47600001096725464,0.42771098017692566,0.05392538756132126,0.5183635950088501
nervous,bold,2,nervous_bold,8,8.0,2.0,2.0,0.06599999964237213,0.0820000022649765,0.8519999980926514,0.7855625152587891,0.09957367926836014,0.1148638129234314
nervous,talkative,2,nervous_talkative,8,8.0,3.0,0.0,0.6259999871253967,0.13199999928474426,0.24199999868869781,0.7981919050216675,0.09258975833654404,0.10921834409236908
talkative,nervous,2,talkative_nervous,8,9.0,0.0,0.0,0.492000013589859,0.17599999904632568,0.3319999873638153,0.7880910038948059,0.09635574370622635,0.11555320024490356
talkative,irritable,2,talkative_irritable,8,9.0,1.0,2.0,0.257999986410141,0.00800000037997961,0.734000027179718,0.7807709574699402,0.09950434416532516,0.11972471326589584
talkative,lively,2,talkative_lively,8,9.0,2.0,0.0,0.515999972820282,0.3440000116825104,0.14000000059604645,0.08485269546508789,0.07912396639585495,0.8360233306884766
talkative,bold,2,talkative_bold,8,9.0,3.0,0.0,0.5820000171661377,0.28999999165534973,0.12800000607967377,0.08294994384050369,0.07726991176605225,0.8397800922393799
talkative,talkative,2,talkative_talkative,8,,,,,,,,,
contempt,satisfaction,3,contempt_satisfaction,8,10.0,0.0,2.0,0.41600000858306885,0.0,0.5839999914169312,0.7816276550292969,0.09998971223831177,0.11838255822658539
contempt,love,3,contempt_love,8,10.0,1.0,2.0,0.16599999368190765,0.0,0.8339999914169312,0.7798019051551819,0.10018439590930939,0.1200137734413147
contempt,contempt,3,contempt_contempt,8,,,,,,,,,
contempt,disgust,3,contempt_disgust,8,10.0,2.0,0.0,0.5519999861717224,0.2919999957084656,0.15600000321865082,0.09486498683691025,0.7941381931304932,0.11099683493375778
contempt,embarrassment,3,contempt_embarrassment,8,10.0,3.0,2.0,0.43799999356269836,0.04399999976158142,0.5180000066757202,0.7914124727249146,0.09085273742675781,0.11773483455181122
disgust,satisfaction,3,disgust_satisfaction,8,11.0,0.0,2.0,0.035999998450279236,0.0,0.9639999866485596,0.780412495136261,0.09984979033470154,0.11973769217729568
disgust,love,3,disgust_love,8,11.0,1.0,2.0,0.014000000432133675,0.0,0.9860000014305115,0.7798014283180237,0.10018429160118103,0.1200142502784729
disgust,contempt,3,disgust_contempt,8,11.0,2.0,0.0,0.46000000834465027,0.3540000021457672,0.1860000044107437,0.09828832000494003,0.7878693342208862,0.11384237557649612
disgust,disgust,3,disgust_disgust,8,,,,,,,,,
disgust,embarrassment,3,disgust_embarrassment,8,11.0,3.0,0.0,0.4339999854564667,0.16200000047683716,0.40400001406669617,0.4506661593914032,0.4820183515548706,0.0673154965043068
embarrassment,satisfaction,3,embarrassment_satisfaction,8,12.0,0.0,2.0,0.01600000075995922,0.0,0.984000027179718,0.7798182368278503,0.10019039362668991,0.11999134719371796
embarrassment,love,3,embarrassment_love,8,12.0,1.0,2.0,0.1599999964237213,0.0020000000949949026,0.8379999995231628,0.7801029086112976,0.09996113181114197,0.11993595212697983
embarrassment,contempt,3,embarrassment_contempt,8,12.0,2.0,0.0,0.6200000047683716,0.12800000607967377,0.25200000405311584,0.48171117901802063,0.4477909207344055,0.07049796730279922
embarrassment,disgust,3,embarrassment_disgust,8,12.0,3.0,0.0,0.5580000281333923,0.1340000033378601,0.30799999833106995,0.4722667932510376,0.4573895037174225,0.07034371793270111
embarrassment,embarrassment,3,embarrassment_embarrassment,8,,,,,,,,,
love,satisfaction,3,love_satisfaction,8,13.0,0.0,0.0,0.4959999918937683,0.34599998593330383,0.15800000727176666,0.0525449737906456,0.4405798316001892,0.506875216960907
love,love,3,love_love,8,,,,,,,,,
love,contempt,3,love_contempt,8,13.0,1.0,2.0,0.2680000066757202,0.0,0.7319999933242798,0.7798298597335815,0.10016417503356934,0.1200060322880745
love,disgust,3,love_disgust,8,13.0,2.0,2.0,0.057999998331069946,0.0,0.9419999718666077,0.7798280715942383,0.10016471147537231,0.12000715732574463
love,embarrassment,3,love_embarrassment,8,13.0,3.0,0.0,0.4560000002384186,0.07800000160932541,0.4659999907016754,0.7860072255134583,0.0956263542175293,0.11836634576320648
satisfaction,satisfaction,3,satisfaction_satisfaction,8,,,,,,,,,
satisfaction,love,3,satisfaction_love,8,14.0,0.0,0.0,0.5659999847412109,0.2280000001192093,0.20600000023841858,0.4417846202850342,0.050784479826688766,0.507430911064148
satisfaction,contempt,3,satisfaction_contempt,8,14.0,1.0,2.0,0.4659999907016754,0.0,0.5339999794960022,0.7802481055259705,0.10012716054916382,0.11962474137544632
satisfaction,disgust,3,satisfaction_disgust,8,14.0,2.0,2.0,0.10000000149011612,0.006000000052154064,0.8939999938011169,0.7801387310028076,0.09992901235818863,0.11993221938610077
satisfaction,embarrassment,3,satisfaction_embarrassment,8,14.0,3.0,2.0,0.17399999499320984,0.0,0.8259999752044678,0.7799312472343445,0.10015393793582916,0.11991484463214874
